-- MySQL dump 10.13  Distrib 5.6.19, for linux-glibc2.5 (x86_64)
--
-- Host: 10.20.0.2    Database: vop
-- ------------------------------------------------------
-- Server version	5.5.5-10.0.15-MariaDB

/*!40101 SET @OLD_CHARACTER_SET_CLIENT=@@CHARACTER_SET_CLIENT */;
/*!40101 SET @OLD_CHARACTER_SET_RESULTS=@@CHARACTER_SET_RESULTS */;
/*!40101 SET @OLD_COLLATION_CONNECTION=@@COLLATION_CONNECTION */;
/*!40101 SET NAMES utf8 */;
/*!40103 SET @OLD_TIME_ZONE=@@TIME_ZONE */;
/*!40103 SET TIME_ZONE='+00:00' */;
/*!40014 SET @OLD_UNIQUE_CHECKS=@@UNIQUE_CHECKS, UNIQUE_CHECKS=0 */;
/*!40014 SET @OLD_FOREIGN_KEY_CHECKS=@@FOREIGN_KEY_CHECKS, FOREIGN_KEY_CHECKS=0 */;
/*!40101 SET @OLD_SQL_MODE=@@SQL_MODE, SQL_MODE='NO_AUTO_VALUE_ON_ZERO' */;
/*!40111 SET @OLD_SQL_NOTES=@@SQL_NOTES, SQL_NOTES=0 */;

--
-- Table structure for table `metingen`
--

DROP TABLE IF EXISTS `metingen`;
/*!40101 SET @saved_cs_client     = @@character_set_client */;
/*!40101 SET character_set_client = utf8 */;
CREATE TABLE `metingen` (
  `timestamp` datetime DEFAULT CURRENT_TIMESTAMP,
  `reistijd` int(11) DEFAULT NULL,
  `optimal` int(11) DEFAULT NULL,
  `traject_id` int(11) NOT NULL,
  `provider_id` int(11) NOT NULL,
  KEY `fk_Meting_Traject_idx` (`traject_id`),
  KEY `fk_Meting_Provider1_idx` (`provider_id`),
  CONSTRAINT `fk_Meting_Provider1` FOREIGN KEY (`provider_id`) REFERENCES `providers` (`id`) ON DELETE NO ACTION ON UPDATE NO ACTION,
  CONSTRAINT `fk_Meting_Traject` FOREIGN KEY (`traject_id`) REFERENCES `trajecten` (`id`) ON DELETE NO ACTION ON UPDATE NO ACTION
) ENGINE=InnoDB DEFAULT CHARSET=utf8;
/*!40101 SET character_set_client = @saved_cs_client */;

--
-- Dumping data for table `metingen`
--

LOCK TABLES `metingen` WRITE;
/*!40000 ALTER TABLE `metingen` DISABLE KEYS */;
INSERT INTO `metingen` VALUES ('2016-02-23 19:36:29',547,485,31,9),('2016-02-23 19:36:29',527,469,32,9),('2016-02-23 19:36:29',652,604,33,9),('2016-02-23 19:36:30',406,380,34,9),('2016-02-23 19:36:30',415,370,35,9),('2016-02-23 19:36:30',731,683,36,9),('2016-02-23 19:36:30',1500,1445,37,9),('2016-02-23 19:36:31',527,497,38,9),('2016-02-23 19:36:31',778,748,39,9),('2016-02-23 19:36:31',947,852,40,9),('2016-02-23 19:36:31',881,818,41,9),('2016-02-23 19:36:31',679,623,42,9),('2016-02-23 19:36:32',1199,1108,43,9),('2016-02-23 19:36:32',711,595,44,9),('2016-02-23 19:36:32',776,728,45,9),('2016-02-23 19:36:32',180,139,46,9),('2016-02-23 19:36:32',190,146,47,9),('2016-02-23 19:36:33',215,172,48,9),('2016-02-23 19:36:33',180,150,49,9),('2016-02-23 19:36:33',773,670,50,9),('2016-02-23 19:36:33',400,365,51,9),('2016-02-23 19:36:33',330,295,52,9),('2016-02-23 19:36:34',428,384,53,9),('2016-02-23 19:36:34',355,350,54,9),('2016-02-23 19:36:34',884,839,55,9),('2016-02-23 19:36:34',982,928,56,9),('2016-02-23 19:36:34',982,928,57,9),('2016-02-23 19:36:35',1075,1028,58,9),('2016-02-23 19:36:35',684,640,59,9),('2016-02-23 19:36:35',906,876,60,9),('2016-02-25 13:03:18',511,485,31,9),('2016-02-25 13:03:18',562,469,32,9),('2016-02-25 13:03:19',646,604,33,9),('2016-02-25 13:03:19',409,380,34,9),('2016-02-25 13:03:19',393,370,35,9),('2016-02-25 13:03:19',807,683,36,9),('2016-02-25 13:03:19',1577,1445,37,9),('2016-02-25 13:03:20',506,497,38,9),('2016-02-25 13:03:20',770,748,39,9),('2016-02-25 13:03:20',1352,852,40,9),('2016-02-25 13:03:21',956,818,41,9),('2016-02-25 13:03:21',661,623,42,9),('2016-02-25 13:03:21',1298,1108,43,9),('2016-02-25 13:03:21',785,722,44,9),('2016-02-25 13:03:22',779,728,45,9),('2016-02-25 13:03:22',222,139,46,9),('2016-02-25 13:03:22',193,146,47,9),('2016-02-25 13:03:22',228,172,48,9),('2016-02-25 13:03:23',240,150,49,9),('2016-02-25 13:03:23',774,670,50,9),('2016-02-25 13:03:23',400,365,51,9),('2016-02-25 13:03:24',303,295,52,9),('2016-02-25 13:03:24',401,384,53,9),('2016-02-25 13:03:24',365,350,54,9),('2016-02-25 13:03:24',881,839,55,9),('2016-02-25 13:03:25',979,928,56,9),('2016-02-25 13:03:25',979,928,57,9),('2016-02-25 13:03:25',1091,1028,58,9),('2016-02-25 13:03:26',688,640,59,9),('2016-02-25 13:03:27',920,876,60,9),('2016-02-25 13:29:34',506,485,31,9),('2016-02-25 13:29:36',561,469,32,9),('2016-02-25 13:29:36',639,604,33,9),('2016-02-25 13:29:36',396,380,34,9),('2016-02-25 13:29:36',383,370,35,9),('2016-02-25 13:29:36',760,683,36,9),('2016-02-25 13:29:36',1618,1445,37,9),('2016-02-25 13:29:37',507,497,38,9),('2016-02-25 13:29:37',773,748,39,9),('2016-02-25 13:29:37',1309,852,40,9),('2016-02-25 13:29:37',1106,818,41,9),('2016-02-25 13:29:37',638,623,42,9),('2016-02-25 13:29:38',1286,1108,43,9),('2016-02-25 13:29:38',819,722,44,9),('2016-02-25 13:29:38',803,728,45,9),('2016-02-25 13:29:38',206,139,46,9),('2016-02-25 13:29:38',188,146,47,9),('2016-02-25 13:29:39',230,172,48,9),('2016-02-25 13:29:39',178,150,49,9),('2016-02-25 13:29:39',781,670,50,9),('2016-02-25 13:29:39',381,365,51,9),('2016-02-25 13:29:40',299,295,52,9),('2016-02-25 13:29:40',396,384,53,9),('2016-02-25 13:29:40',359,350,54,9),('2016-02-25 13:29:41',872,839,55,9),('2016-02-25 13:29:41',969,928,56,9),('2016-03-02 15:41:24',518,485,31,9),('2016-03-02 15:41:25',559,469,32,9),('2016-03-02 15:41:25',689,604,33,9),('2016-03-02 15:41:25',414,380,34,9),('2016-03-02 15:41:25',416,370,35,9),('2016-03-02 15:41:25',746,683,36,9),('2016-03-02 15:41:26',1615,1445,37,9),('2016-03-02 15:41:26',515,497,38,9),('2016-03-02 15:41:26',779,748,39,9),('2016-03-02 15:41:26',1100,852,40,9),('2016-03-02 15:41:26',978,818,41,9),('2016-03-02 15:41:26',703,623,42,9),('2016-03-02 15:41:27',1277,1183,43,9),('2016-03-02 15:41:27',804,595,44,9),('2016-03-02 15:41:27',809,728,45,9),('2016-03-02 15:41:27',190,139,46,9),('2016-03-02 15:41:28',221,146,47,9),('2016-03-02 15:41:28',241,172,48,9),('2016-03-02 15:41:28',209,150,49,9),('2016-03-02 15:41:28',792,670,50,9),('2016-03-02 15:41:28',409,365,51,9),('2016-03-02 15:41:29',309,295,52,9),('2016-03-02 15:41:29',411,384,53,9),('2016-03-02 15:41:29',385,350,54,9),('2016-03-02 15:41:29',897,839,55,9),('2016-03-02 15:41:29',973,916,56,9),('2016-03-02 15:41:30',973,916,57,9),('2016-03-02 15:41:30',1182,1028,58,9),('2016-03-02 15:41:30',696,640,59,9),('2016-03-02 15:41:30',1004,876,60,9),('2016-03-02 15:41:30',446,446,31,11),('2016-03-02 15:41:31',698,698,32,11),('2016-03-02 15:41:31',573,573,33,11),('2016-03-02 15:41:31',364,364,34,11),('2016-03-02 15:41:31',337,337,35,11),('2016-03-02 15:41:32',779,779,36,11),('2016-03-02 15:41:32',1507,1507,37,11),('2016-03-02 15:41:32',422,422,38,11),('2016-03-02 15:41:32',743,743,39,11),('2016-03-02 15:41:33',913,913,40,11),('2016-03-02 15:41:33',1051,1051,41,11),('2016-03-02 15:41:33',570,570,42,11),('2016-03-02 15:41:33',1074,1074,43,11),('2016-03-02 15:41:33',686,686,44,11),('2016-03-02 15:41:34',544,544,45,11),('2016-03-02 15:41:34',166,166,46,11),('2016-03-02 15:41:34',190,190,47,11),('2016-03-02 15:41:34',158,158,48,11),('2016-03-02 15:41:35',154,154,49,11),('2016-03-02 15:41:35',508,508,50,11),('2016-03-02 15:41:35',219,219,51,11),('2016-03-02 15:41:35',266,266,52,11),('2016-03-02 15:41:35',342,342,53,11),('2016-03-02 15:41:36',584,584,54,11),('2016-03-02 15:41:36',838,838,55,11),('2016-03-02 15:41:36',900,900,56,11),('2016-03-02 15:41:36',900,900,57,11),('2016-03-02 15:41:37',997,997,58,11),('2016-03-02 15:41:37',650,650,59,11),('2016-03-02 15:41:37',865,865,60,11),('2016-03-02 20:53:48',503,485,31,9),('2016-03-02 20:53:48',519,469,32,9),('2016-03-02 20:53:48',630,604,33,9),('2016-03-02 20:53:48',396,380,34,9),('2016-03-02 20:53:49',393,370,35,9),('2016-03-02 20:53:49',725,683,36,9),('2016-03-02 20:53:49',1482,1445,37,9),('2016-03-02 20:53:49',512,497,38,9),('2016-03-02 20:53:49',760,748,39,9),('2016-03-02 20:53:49',905,852,40,9),('2016-03-02 20:53:50',855,818,41,9),('2016-03-02 20:53:50',640,623,42,9),('2016-03-02 20:53:50',1149,1108,43,9),('2016-03-02 20:53:50',683,595,44,9),('2016-03-02 20:53:50',759,728,45,9),('2016-03-02 20:53:51',150,139,46,9),('2016-03-02 20:53:51',176,146,47,9),('2016-03-02 20:53:51',187,172,48,9),('2016-03-02 20:53:51',170,150,49,9),('2016-03-02 20:53:51',736,670,50,9),('2016-03-02 20:53:52',388,365,51,9),('2016-03-02 20:53:52',301,295,52,9),('2016-03-02 20:53:52',397,384,53,9),('2016-03-02 20:53:52',360,350,54,9),('2016-03-02 20:53:52',876,839,55,9),('2016-03-02 20:53:53',972,928,56,9),('2016-03-02 20:53:53',972,928,57,9),('2016-03-02 20:53:53',1076,1028,58,9),('2016-03-02 20:53:53',675,640,59,9),('2016-03-02 20:53:53',908,876,60,9),('2016-03-02 20:53:54',446,446,31,11),('2016-03-02 20:53:54',698,698,32,11),('2016-03-02 20:53:54',573,573,33,11),('2016-03-02 20:53:55',364,364,34,11),('2016-03-02 20:53:55',337,337,35,11),('2016-03-02 20:53:55',779,779,36,11),('2016-03-02 20:53:55',1507,1507,37,11),('2016-03-02 20:53:55',422,422,38,11),('2016-03-02 20:53:56',743,743,39,11),('2016-03-02 20:53:56',913,913,40,11),('2016-03-02 20:53:56',1051,1051,41,11),('2016-03-02 20:53:56',570,570,42,11),('2016-03-02 20:53:56',1074,1074,43,11),('2016-03-02 20:53:57',686,686,44,11),('2016-03-02 20:53:57',544,544,45,11),('2016-03-02 20:53:57',166,166,46,11),('2016-03-02 20:53:57',190,190,47,11),('2016-03-02 20:53:58',158,158,48,11),('2016-03-02 20:53:58',154,154,49,11),('2016-03-02 20:53:58',508,508,50,11),('2016-03-02 20:53:58',219,219,51,11),('2016-03-02 20:53:59',266,266,52,11),('2016-03-02 20:53:59',342,342,53,11),('2016-03-02 20:53:59',584,584,54,11),('2016-03-02 20:54:00',838,838,55,11),('2016-03-02 20:54:00',900,900,56,11),('2016-03-02 20:54:00',900,900,57,11),('2016-03-02 20:54:01',997,997,58,11),('2016-03-02 20:54:01',650,650,59,11),('2016-03-02 20:54:01',865,865,60,11);
/*!40000 ALTER TABLE `metingen` ENABLE KEYS */;
UNLOCK TABLES;

--
-- Table structure for table `providers`
--

DROP TABLE IF EXISTS `providers`;
/*!40101 SET @saved_cs_client     = @@character_set_client */;
/*!40101 SET character_set_client = utf8 */;
CREATE TABLE `providers` (
  `id` int(11) NOT NULL AUTO_INCREMENT,
  `naam` varchar(100) DEFAULT NULL,
  `is_active` tinyint(1) DEFAULT '1',
  PRIMARY KEY (`id`)
) ENGINE=InnoDB AUTO_INCREMENT=13 DEFAULT CHARSET=utf8;
/*!40101 SET character_set_client = @saved_cs_client */;

--
-- Dumping data for table `providers`
--

LOCK TABLES `providers` WRITE;
/*!40000 ALTER TABLE `providers` DISABLE KEYS */;
INSERT INTO `providers` VALUES (7,'Waze',1),(8,'TomTom',1),(9,'Here',1),(10,'Coyote',1),(11,'Google Maps',1),(12,'Here',1);
/*!40000 ALTER TABLE `providers` ENABLE KEYS */;
UNLOCK TABLES;

--
-- Table structure for table `trajecten`
--

DROP TABLE IF EXISTS `trajecten`;
/*!40101 SET @saved_cs_client     = @@character_set_client */;
/*!40101 SET character_set_client = utf8 */;
CREATE TABLE `trajecten` (
  `id` int(11) NOT NULL AUTO_INCREMENT,
  `letter` varchar(2) DEFAULT NULL,
  `naam` varchar(100) DEFAULT NULL,
  `lengte` int(11) DEFAULT NULL,
  `optimale_reistijd` int(11) DEFAULT NULL,
  `is_active` tinyint(1) DEFAULT '1',
  `start_latitude` varchar(45) DEFAULT NULL,
  `start_longitude` varchar(45) DEFAULT NULL,
  `end_latitude` varchar(45) DEFAULT NULL,
  `end_longitude` varchar(45) DEFAULT NULL,
  PRIMARY KEY (`id`)
) ENGINE=InnoDB AUTO_INCREMENT=61 DEFAULT CHARSET=utf8;
/*!40101 SET character_set_client = @saved_cs_client */;

--
-- Dumping data for table `trajecten`
--

LOCK TABLES `trajecten` WRITE;
/*!40000 ALTER TABLE `trajecten` DISABLE KEYS */;
INSERT INTO `trajecten` VALUES (31,'A','E40 (Oostende) > centrum',12176,NULL,1,'51.040800','3.614126','51.038736','3.736503'),(32,'B','E40 (Oostende) > centrum via Drongen',6677,NULL,1,'51.040800','3.614126','51.056190','3.694913'),(33,'C','E40 (Brussel) > centrum',8027,NULL,1,'50.990332','3.798873','51.038736','3.736503'),(34,'D','E17 (Kortrijk) > centrum',10479,NULL,1,'50.979661','3.647235','51.038736','3.736503'),(35,'E','E17 (Antwerpen) > centrum',8689,NULL,1,'51.053116','3.835141','51.038736','3.736503'),(36,'F','R4 Noordwest tegenwijzerzin',14966,NULL,1,'51.1923622','3.776722','51.0845337','3.6645412'),(37,'F\'','R4 Noordwest wijzerzin',15310,NULL,1,'51.0845337','3.6645412','51.1923622','3.776722'),(38,'G','R4 West tegenwijzerzin',10508,NULL,1,'51.0845337','3.6645412','51.0134172','3.7237644'),(39,'G\'','R4 West wijzerzin',10131,NULL,1,'51.0134172','3.7237644','51.0845337','3.6645412'),(40,'H','R4 Noordoost wijzerzin',12597,NULL,1,'51.1863372','3.8328552','51.0870812','3.7567234'),(41,'H\'','R4 Noordoost tegenwijzerzin',12682,NULL,1,'51.0870812','3.7567234','51.1863372','3.8328552'),(42,'I','R4 Oost wijzerzin',17530,NULL,1,'51.0870812','3.7567234','51.0141461','3.7235498'),(43,'I\'','R4 Oost tegenwijzerzin',19149,NULL,1,'51.0141461','3.7235498','51.0870812','3.7567234'),(44,'J','R40 Zuid-West wijzerzin',3719,NULL,1,'51.0386584','3.736564','51.0562324','3.6948395'),(45,'J\'','R40 Zuid-West tegenwijzerzin',3824,NULL,1,'51.0562324','3.6948395','51.0386584','3.736564'),(46,'K','R40 Noord-West wijzerzin',1080,NULL,1,'51.0666435','3.6997318','51.0562324','3.6948395'),(47,'K\'','R40 Noord-West tegenwijzerzin',1104,NULL,1,'51.0562324','3.6948395','51.0666435','3.6997318'),(48,'L','R40 Noord-Oost wijzerzin',1424,NULL,1,'51.0678503','3.7294185','51.0576452','3.7379372'),(49,'L\'','R40 Noord-Oost tegenwijzerzin',1447,NULL,1,'51.0576452','3.7379372','51.0678503','3.7294185'),(50,'M','R40 Zuid-Oost wijzerzin',2112,NULL,1,'51.0559626','3.7390423','51.0386584','3.736564'),(51,'M\'','R40 Zuid-Oost tegenwijzerzin',2246,NULL,1,'51.0386584','3.736564','51.0559626','3.7390423'),(52,'N','E40 (Oostende) > B402 via E40',6997,NULL,1,'51.0407547','3.6143491','51.0263077','3.6886382'),(53,'N\'','E40 (Oostende) > B402 via Drongen',12264,NULL,1,'51.0407547','3.6143491','51.0270905','3.6892605'),(54,'O','E40 (Brussel) > B402',11493,NULL,1,'50.9904212','3.7988663','51.0263077','3.6886382'),(55,'P','E17 (Antwerpen) > B402 via E40',12994,NULL,1,'51.0530358','3.8353443','51.0263077','3.6886382'),(56,'Q','E17 (Antwerpen) > B402 via E17/R4',13675,NULL,1,'51.0530358','3.8353443','51.0270905','3.6892605'),(57,'R','E17 (Antwerpen) > B402 via R4',16948,NULL,1,'51.0530358','3.8353443','51.027090','3.6892605'),(58,'S','E17 (Kortrijk) > B402',11294,NULL,1,'50.9798849','3.6472034','51.0270905','3.6892605'),(59,'T','E17 (Antwerpen) > P+R Gentbrugge',6096,NULL,1,'51.0530358','3.8353443','51.035889','3.7573242'),(60,'U','E17 (Kortrijk) > P+R Gentbrugge',10473,NULL,1,'50.9798849','3.6472034','51.0345936','3.7554359');
/*!40000 ALTER TABLE `trajecten` ENABLE KEYS */;
UNLOCK TABLES;
/*!40103 SET TIME_ZONE=@OLD_TIME_ZONE */;

/*!40101 SET SQL_MODE=@OLD_SQL_MODE */;
/*!40014 SET FOREIGN_KEY_CHECKS=@OLD_FOREIGN_KEY_CHECKS */;
/*!40014 SET UNIQUE_CHECKS=@OLD_UNIQUE_CHECKS */;
/*!40101 SET CHARACTER_SET_CLIENT=@OLD_CHARACTER_SET_CLIENT */;
/*!40101 SET CHARACTER_SET_RESULTS=@OLD_CHARACTER_SET_RESULTS */;
/*!40101 SET COLLATION_CONNECTION=@OLD_COLLATION_CONNECTION */;
/*!40111 SET SQL_NOTES=@OLD_SQL_NOTES */;

-- Dump completed on 2016-03-07 19:14:20
