CREATE DATABASE  IF NOT EXISTS `vop` /*!40100 DEFAULT CHARACTER SET utf8 */;
USE `vop`;
-- MySQL dump 10.13  Distrib 5.7.9, for Win64 (x86_64)
--
-- Host: 10.20.0.2    Database: vop
-- ------------------------------------------------------
-- Server version	5.5.5-10.0.15-MariaDB

/*!40101 SET @OLD_CHARACTER_SET_CLIENT=@@CHARACTER_SET_CLIENT */;
/*!40101 SET @OLD_CHARACTER_SET_RESULTS=@@CHARACTER_SET_RESULTS */;
/*!40101 SET @OLD_COLLATION_CONNECTION=@@COLLATION_CONNECTION */;
/*!40101 SET NAMES utf8 */;
/*!40103 SET @OLD_TIME_ZONE=@@TIME_ZONE */;
/*!40103 SET TIME_ZONE='+00:00' */;
/*!40014 SET @OLD_UNIQUE_CHECKS=@@UNIQUE_CHECKS, UNIQUE_CHECKS=0 */;
/*!40014 SET @OLD_FOREIGN_KEY_CHECKS=@@FOREIGN_KEY_CHECKS, FOREIGN_KEY_CHECKS=0 */;
/*!40101 SET @OLD_SQL_MODE=@@SQL_MODE, SQL_MODE='NO_AUTO_VALUE_ON_ZERO' */;
/*!40111 SET @OLD_SQL_NOTES=@@SQL_NOTES, SQL_NOTES=0 */;

--
-- Table structure for table `metingen`
--

DROP TABLE IF EXISTS `metingen`;
/*!40101 SET @saved_cs_client     = @@character_set_client */;
/*!40101 SET character_set_client = utf8 */;
CREATE TABLE `metingen` (
  `timestamp` datetime DEFAULT CURRENT_TIMESTAMP,
  `reistijd` int(11) DEFAULT NULL,
  `optimal` int(11) DEFAULT NULL,
  `traject_id` int(11) DEFAULT NULL,
  `provider_id` int(11) NOT NULL,
  KEY `fk_Meting_Provider1_idx` (`provider_id`),
  KEY `fk_Meting_Traject_idx` (`traject_id`),
  CONSTRAINT `fk_Meting_Provider1` FOREIGN KEY (`provider_id`) REFERENCES `providers` (`id`) ON DELETE NO ACTION ON UPDATE NO ACTION,
  CONSTRAINT `fk_Meting_Traject` FOREIGN KEY (`traject_id`) REFERENCES `trajecten` (`id`) ON DELETE NO ACTION ON UPDATE NO ACTION
) ENGINE=InnoDB DEFAULT CHARSET=utf8;
/*!40101 SET character_set_client = @saved_cs_client */;

--
-- Dumping data for table `metingen`
--

LOCK TABLES `metingen` WRITE;
/*!40000 ALTER TABLE `metingen` DISABLE KEYS */;
INSERT INTO `metingen` VALUES ('2016-03-11 11:10:42',112,54,1,10),('2016-03-11 11:10:48',50,46,2,10),('2016-03-11 11:10:48',91,81,3,10),('2016-03-11 11:10:48',238,206,4,10),('2016-03-11 11:10:48',176,93,5,10),('2016-03-11 11:10:48',179,112,6,10),('2016-03-11 11:10:48',164,98,7,10),('2016-03-11 11:10:48',244,167,8,10),('2016-03-11 11:10:48',537,210,9,10),('2016-03-11 11:10:48',539,261,10,10),('2016-03-11 11:10:48',199,150,11,10),('2016-03-11 11:10:48',363,114,12,10),('2016-03-11 11:10:48',321,194,13,10),('2016-03-11 11:10:48',184,187,14,10),('2016-03-11 11:10:48',983,540,15,10),('2016-03-11 11:10:48',680,613,16,10),('2016-03-11 11:10:48',585,529,17,10),('2016-03-11 11:10:48',644,575,18,10),('2016-03-11 11:10:48',364,426,19,10),('2016-03-11 11:10:48',397,429,20,10),('2016-03-11 11:10:48',630,541,21,10),('2016-03-11 11:10:48',644,543,22,10),('2016-03-11 11:10:48',185,188,23,10),('2016-03-11 11:10:48',300,275,24,10),('2016-03-11 11:10:48',355,282,25,10),('2016-03-11 11:10:48',252,194,26,10),('2016-03-11 11:10:48',231,128,27,10),('2016-03-11 11:10:48',219,135,28,10),('2016-03-11 11:10:48',426,230,29,10),('2016-03-11 11:10:48',279,214,30,10),('2016-03-11 11:10:48',433,318,31,10),('2016-03-11 11:10:48',474,295,32,10),('2016-03-11 11:10:48',275,199,33,10),('2016-03-11 11:10:48',177,142,34,10);
/*!40000 ALTER TABLE `metingen` ENABLE KEYS */;
UNLOCK TABLES;

--
-- Table structure for table `providers`
--

DROP TABLE IF EXISTS `providers`;
/*!40101 SET @saved_cs_client     = @@character_set_client */;
/*!40101 SET character_set_client = utf8 */;
CREATE TABLE `providers` (
  `id` int(11) NOT NULL AUTO_INCREMENT,
  `naam` varchar(100) DEFAULT NULL,
  `is_active` tinyint(1) DEFAULT '1',
  PRIMARY KEY (`id`)
) ENGINE=InnoDB AUTO_INCREMENT=13 DEFAULT CHARSET=utf8;
/*!40101 SET character_set_client = @saved_cs_client */;

--
-- Dumping data for table `providers`
--

LOCK TABLES `providers` WRITE;
/*!40000 ALTER TABLE `providers` DISABLE KEYS */;
INSERT INTO `providers` VALUES (7,'Waze',0),(8,'TomTom',0),(9,'Here',0),(10,'Coyote',1),(11,'Google Maps',0),(12,'Here',0);
/*!40000 ALTER TABLE `providers` ENABLE KEYS */;
UNLOCK TABLES;

--
-- Table structure for table `trajecten`
--

DROP TABLE IF EXISTS `trajecten`;
/*!40101 SET @saved_cs_client     = @@character_set_client */;
/*!40101 SET character_set_client = utf8 */;
CREATE TABLE `trajecten` (
  `id` int(11) NOT NULL AUTO_INCREMENT,
  `naam` varchar(100) DEFAULT NULL,
  `lengte` int(11) DEFAULT NULL,
  `optimale_reistijd` int(11) DEFAULT NULL,
  `is_active` tinyint(1) DEFAULT '1',
  `start_latitude` varchar(45) DEFAULT NULL,
  `start_longitude` varchar(45) DEFAULT NULL,
  `end_latitude` varchar(45) DEFAULT NULL,
  `end_longitude` varchar(45) DEFAULT NULL,
  PRIMARY KEY (`id`)
) ENGINE=InnoDB AUTO_INCREMENT=35 DEFAULT CHARSET=utf8;
/*!40101 SET character_set_client = @saved_cs_client */;

--
-- Dumping data for table `trajecten`
--

LOCK TABLES `trajecten` WRITE;
/*!40000 ALTER TABLE `trajecten` DISABLE KEYS */;
INSERT INTO `trajecten` VALUES (1,'Rooigemlaan (R40) Northbound - Drongensesteenweg - Palinghuizen',1340,43,1,'51.05617','3.69508','51.06629','3.69971'),(2,'Rooigemlaan (R40) Southbound - Palinghuizen - Drongensesteenweg',1353,97,1,'51.06634','3.69966','51.0561','3.69492'),(3,'Gasmeterlaan (R40) Eastbound - Palinghuizen - Neuseplein',2192,101,1,'51.06629','3.69971','51.06725','3.72701'),(4,'Gasmeterlaan (R40) Westbound - Neuseplein - Palinghuizen',2216,194,1,'51.06477','3.70212','51.06593','3.69912'),(5,'Dok-Noord (R40) Southbound - Neuseplein - Dampoort',1745,80,1,'51.06729','3.72713','51.05663','3.73843'),(6,'Dok-Noord (R40) Northbound - Dampoort - Neuseplein',1800,126,1,'51.05711','3.7386','51.06744','3.72704'),(7,'Heernislaan (R40) Southbound - Dampoort - Zuidparklaan',2383,139,1,'51.05623','3.7387','51.03863','3.73622'),(8,'Heernislaan (R40) Northbound - Zuidparklaan - Dampoort',2485,81,1,'51.03857','3.73624','51.05714','3.73952'),(9,'Martelaarslaan (R40) Northbound - Zuidparklaan - Drongensesteenweg',3738,247,1,'51.03863','3.73622','51.05617','3.69508'),(10,'Martelaarslaan (R40) Southbound - Drongensesteenweg - Zuidparklaan',3741,230,1,'51.0561','3.69492','51.03857','3.73624'),(11,'Blaisantvest (N430) Eastbound - Einde Were - Neuseplein',2619,153,1,'51.05238','3.69972','51.06725','3.72701'),(12,'Blaisantvest (N430) Westbound - Neuseplein - Einde Were',2647,122,1,'51.05256','3.69978','51.05238','3.69972'),(13,'Keizer Karelstraat Northbound - Sint-Lievenslaan - Neuseplein',3830,148,1,'51.06442','3.72639','51.0647','3.7265'),(14,'Keizer Karelstraat Southbound - Neuseplein - Sint-Lievenslaan',3555,174,1,'51.0647','3.7265','51.06442','3.72639'),(15,'Kennedylaan (R4) Southbound - E34 - Port Arthurlaan',15637,543,1,'51.18719','3.83245','51.08737','3.75643'),(16,'Kennedylaan (R4) Northbound - Port Arthurlaan - E34',15670,567,1,'51.07386','3.73473','51.1872','3.83261'),(17,'Eisenhowerlaan (R4) Southbound - Kennedylaan - E17',17202,533,1,'51.00536','3.76393','51.01401','3.72731'),(18,'Eisenhowerlaan (R4) Northbound - E17 - Kennedylaan',18313,570,1,'51.01338','3.72554','51.00407','3.77264'),(19,'Binnenring-Drongen (R4) Northbound - Sluisweg - Industrieweg',10665,426,1,'51.01401','3.72731','51.08524','3.66773'),(20,'Buitenring-Drongen (R4) Southbound - Industrieweg - Sluisweg',10964,429,1,'51.08584','3.66955','51.01338','3.72554'),(21,'Paryslaan (R4) Northbound - Industrieweg - E34',15624,541,1,'51.08524','3.66773','51.19584','3.78266'),(22,'Paryslaan (R4) Southbound - E34 - Industrieweg',15716,545,1,'51.19743','3.78512','51.08584','3.66955'),(23,'Drongensesteenweg (N466) Eastbound - E40 - Rooigemlaan',5632,272,1,'51.0388','3.62712','51.05412','3.6613'),(24,'Drongensesteenweg (N466) Westbound - Rooigemlaan - E40',5477,251,1,'51.0542','3.66126','51.0388','3.62712'),(25,'Antwerpsesteenweg (N70) Westbound - R4 - Dampoort',5082,203,1,'51.08369','3.79449','51.05714','3.73952'),(26,'Antwerpsesteenweg (N70) Eastbound - Dampoort - R4',5077,179,1,'51.05698','3.74015','51.08343','3.79375'),(27,'B401 (Northbound) - E17 - Vlaanderenstraat',3113,123,1,'51.02991','3.7393','51.03198','3.73994'),(28,'B401 (Southbound) - Vlaanderenstraat - E17',3462,110,1,'51.04203','3.73439','51.03101','3.73951'),(29,'Brusselsesteenweg (N9) Westbound - R4 - Scheldekaai',5294,210,1,'51.00874','3.79292','51.04203','3.73968'),(30,'Brusselsesteenweg (N9) Eastbound - Scheldekaai - R4',5294,199,1,'51.04203','3.73968','51.00874','3.79292'),(31,'Oudenaardsesteenweg (N60) Northbound - E17 - R40',9824,411,1,'50.98353','3.67534','51.01403','3.72864'),(32,'Oudenaardsesteenweg (N60) Southbound - R40 - E17',9365,289,1,'51.01382','3.72823','50.98494','3.67285'),(33,'Brugsevaart (N9) Southbound - R4 - Gebroeders de Smetstraat',3645,142,1,'51.08552','3.66315','51.06431','3.70237'),(34,'Brugsevaart (N9) Northbound - Gebroeders de Smetstraat - R4',3651,174,1,'51.0666','3.69936','51.08552','3.66315');
/*!40000 ALTER TABLE `trajecten` ENABLE KEYS */;
UNLOCK TABLES;

--
-- Table structure for table `trajectsynoniemen`
--

DROP TABLE IF EXISTS `trajectsynoniemen`;
/*!40101 SET @saved_cs_client     = @@character_set_client */;
/*!40101 SET character_set_client = utf8 */;
CREATE TABLE `trajectsynoniemen` (
  `id` int(11) NOT NULL AUTO_INCREMENT,
  `naam` varchar(100) NOT NULL,
  `traject_id` int(11) DEFAULT NULL,
  PRIMARY KEY (`id`),
  UNIQUE KEY `id_UNIQUE` (`id`),
  KEY `traject_id_idx` (`traject_id`),
  CONSTRAINT `traject_id` FOREIGN KEY (`traject_id`) REFERENCES `trajecten` (`id`) ON DELETE SET NULL ON UPDATE SET NULL
) ENGINE=InnoDB DEFAULT CHARSET=utf8;
/*!40101 SET character_set_client = @saved_cs_client */;

--
-- Dumping data for table `trajectsynoniemen`
--

LOCK TABLES `trajectsynoniemen` WRITE;
/*!40000 ALTER TABLE `trajectsynoniemen` DISABLE KEYS */;
/*!40000 ALTER TABLE `trajectsynoniemen` ENABLE KEYS */;
UNLOCK TABLES;

--
-- Table structure for table `waypoints`
--

DROP TABLE IF EXISTS `waypoints`;
/*!40101 SET @saved_cs_client     = @@character_set_client */;
/*!40101 SET character_set_client = utf8 */;
CREATE TABLE `waypoints` (
  `volgnr` int(11) NOT NULL,
  `traject_id` int(11) NOT NULL,
  `latitude` varchar(45) DEFAULT NULL,
  `longitude` varchar(45) DEFAULT NULL,
  PRIMARY KEY (`volgnr`,`traject_id`),
  KEY `fk_waypoints_1_idx` (`traject_id`),
  CONSTRAINT `fk_waypoints_1` FOREIGN KEY (`traject_id`) REFERENCES `trajecten` (`id`) ON DELETE NO ACTION ON UPDATE NO ACTION
) ENGINE=InnoDB DEFAULT CHARSET=utf8;
/*!40101 SET character_set_client = @saved_cs_client */;

--
-- Dumping data for table `waypoints`
--

LOCK TABLES `waypoints` WRITE;
/*!40000 ALTER TABLE `waypoints` DISABLE KEYS */;
INSERT INTO `waypoints` VALUES (1,1,'51.05631','3.69487'),(1,2,'51.06621','3.69951'),(1,3,'51.06614','3.69987'),(1,4,'51.06484','3.70198'),(1,5,'51.06735','3.72732'),(1,6,'51.05715','3.73845'),(1,7,'51.05607','3.73875'),(1,8,'51.03869','3.73692'),(1,9,'51.03852','3.73553'),(1,10,'51.05602','3.69502'),(1,11,'51.0525','3.69985'),(1,13,'51.06441','3.72642'),(1,14,'51.0647','3.72646'),(1,15,'51.18672','3.83255'),(1,16,'51.07386','3.73481'),(1,17,'51.00532','3.76352'),(1,18,'51.01334','3.72693'),(1,19,'51.01404','3.72643'),(1,20,'51.08577','3.66929'),(1,21,'51.08558','3.66906'),(1,22,'51.1968','3.78408'),(1,23,'51.03875','3.62726'),(1,24,'51.05418','3.66108'),(1,25,'51.0836','3.79425'),(1,26,'51.05713','3.74032'),(1,27,'51.03053','3.73962'),(1,28,'51.04119','3.7349'),(1,29,'51.00922','3.7924'),(1,30,'51.04192','3.73994'),(1,31,'50.98373','3.67674'),(1,32,'51.013','3.72771'),(1,33,'51.08516','3.66386'),(1,34,'51.06697','3.69896'),(2,1,'51.05676','3.69423'),(2,2,'51.06621','3.69951'),(2,3,'51.06601','3.70001'),(2,4,'51.06487','3.7019'),(2,5,'51.06742','3.72758'),(2,6,'51.05719','3.73836'),(2,7,'51.05601','3.73876'),(2,8,'51.03875','3.73721'),(2,9,'51.03846','3.73515'),(2,10,'51.05588','3.6952'),(2,11,'51.05258','3.69994'),(2,13,'51.06441','3.72646'),(2,14,'51.0647','3.72642'),(2,15,'51.1863','3.83263'),(2,16,'51.07386','3.73486'),(2,17,'51.0053','3.76308'),(2,18,'51.01334','3.72697'),(2,19,'51.01405','3.72588'),(2,20,'51.08561','3.66866'),(2,21,'51.08563','3.66927'),(2,22,'51.19618','3.78305'),(2,23,'51.03872','3.62742'),(2,24,'51.05414','3.66082'),(2,25,'51.08355','3.79411'),(2,26,'51.05716','3.74036'),(2,27,'51.03085','3.73974'),(2,28,'51.04035','3.73542'),(2,29,'51.00941','3.7922'),(2,30,'51.04189','3.74001'),(2,31,'50.98394','3.67813'),(2,32,'51.01258','3.72744'),(2,33,'51.08504','3.66411'),(2,34,'51.06704','3.69889'),(3,1,'51.05684','3.69413'),(3,2,'51.06598','3.69926'),(3,3,'51.06591','3.70014'),(3,4,'51.06489','3.70179'),(3,5,'51.06744','3.72766'),(3,6,'51.05725','3.73828'),(3,7,'51.05583','3.73879'),(3,8,'51.03883','3.73745'),(3,9,'51.03843','3.73487'),(3,10,'51.05567','3.69549'),(3,11,'51.0526','3.69998'),(3,13,'51.06441','3.72648'),(3,14,'51.0647','3.72639'),(3,15,'51.1854','3.83281'),(3,16,'51.07385','3.735'),(3,17,'51.0053','3.7626'),(3,18,'51.0133','3.72781'),(3,19,'51.01408','3.72487'),(3,20,'51.08545','3.66798'),(3,21,'51.08585','3.67016'),(3,22,'51.19581','3.78242'),(3,23,'51.03868','3.62759'),(3,24,'51.05409','3.66056'),(3,25,'51.08343','3.79375'),(3,26,'51.05717','3.74041'),(3,27,'51.03121','3.73984'),(3,28,'51.0395','3.7359'),(3,29,'51.00953','3.79207'),(3,30,'51.04187','3.74005'),(3,31,'50.98405','3.67903'),(3,32,'51.01216','3.72717'),(3,33,'51.08498','3.66421'),(3,34,'51.06732','3.69858'),(4,1,'51.05736','3.69344'),(4,2,'51.06593','3.69912'),(4,3,'51.06556','3.70051'),(4,4,'51.06496','3.70154'),(4,5,'51.06758','3.72819'),(4,6,'51.05726','3.73827'),(4,7,'51.05528','3.73902'),(4,8,'51.03893','3.73764'),(4,9,'51.03841','3.73453'),(4,10,'51.05554','3.69568'),(4,11,'51.05263','3.70003'),(4,13,'51.06442','3.72651'),(4,14,'51.06468','3.72637'),(4,15,'51.18492','3.83286'),(4,16,'51.07384','3.7352'),(4,17,'51.00531','3.76251'),(4,18,'51.01324','3.72831'),(4,19,'51.01411','3.7241'),(4,20,'51.08523','3.66714'),(4,21,'51.08605','3.67102'),(4,22,'51.19555','3.78198'),(4,23,'51.03864','3.62773'),(4,24,'51.05404','3.66031'),(4,25,'51.08338','3.79362'),(4,26,'51.05718','3.7405'),(4,27,'51.03161','3.73991'),(4,28,'51.0393','3.73602'),(4,29,'51.00963','3.79196'),(4,30,'51.04176','3.74032'),(4,31,'50.98422','3.68039'),(4,32,'51.01133','3.72664'),(4,33,'51.08491','3.66437'),(4,34,'51.06746','3.69844'),(5,1,'51.05743','3.69338'),(5,2,'51.06591','3.69907'),(5,3,'51.06539','3.70068'),(5,4,'51.06498','3.70144'),(5,5,'51.0676','3.72827'),(5,6,'51.05732','3.73821'),(5,7,'51.05442','3.73944'),(5,8,'51.03903','3.73781'),(5,9,'51.0384','3.73419'),(5,10,'51.05541','3.69584'),(5,11,'51.05275','3.70032'),(5,13,'51.06444','3.72653'),(5,14,'51.06467','3.72636'),(5,15,'51.18451','3.83291'),(5,16,'51.07383','3.73533'),(5,17,'51.00534','3.76214'),(5,18,'51.01318','3.72886'),(5,19,'51.01414','3.72267'),(5,20,'51.08504','3.66637'),(5,21,'51.08627','3.672'),(5,22,'51.19489','3.7809'),(5,23,'51.03858','3.62803'),(5,24,'51.05396','3.65998'),(5,25,'51.0833','3.79342'),(5,26,'51.05718','3.74058'),(5,28,'51.03866','3.73643'),(5,29,'51.00993','3.79158'),(5,30,'51.04174','3.74037'),(5,31,'50.98431','3.6811'),(5,32,'51.0105','3.7261'),(5,33,'51.08481','3.66455'),(5,34,'51.06761','3.69824'),(6,1,'51.05749','3.69333'),(6,2,'51.06566','3.69843'),(6,3,'51.06536','3.70072'),(6,4,'51.06502','3.70127'),(6,5,'51.06767','3.72855'),(6,6,'51.05747','3.73807'),(6,7,'51.05425','3.7395'),(6,8,'51.03921','3.73801'),(6,9,'51.0384','3.73412'),(6,10,'51.05472','3.69676'),(6,11,'51.05293','3.70074'),(6,13,'51.06446','3.72654'),(6,14,'51.06446','3.72636'),(6,15,'51.18361','3.83301'),(6,16,'51.07384','3.73546'),(6,17,'51.0055','3.76121'),(6,18,'51.01307','3.72935'),(6,19,'51.01415','3.72265'),(6,20,'51.08489','3.66581'),(6,21,'51.08636','3.67247'),(6,22,'51.19454','3.78032'),(6,23,'51.03855','3.62813'),(6,24,'51.05394','3.6599'),(6,25,'51.08304','3.79275'),(6,26,'51.05719','3.74071'),(6,28,'51.03806','3.73678'),(6,29,'51.01003','3.79147'),(6,30,'51.04163','3.74064'),(6,31,'50.98452','3.68249'),(6,32,'51.00945','3.72537'),(6,33,'51.08458','3.66499'),(6,34,'51.06777','3.69802'),(7,1,'51.0577','3.69317'),(7,2,'51.06551','3.69807'),(7,3,'51.06515','3.70094'),(7,4,'51.06507','3.70109'),(7,5,'51.06768','3.72861'),(7,6,'51.05766','3.73798'),(7,7,'51.05413','3.73955'),(7,8,'51.03946','3.73817'),(7,9,'51.0384','3.73383'),(7,10,'51.05371','3.69806'),(7,11,'51.05299','3.7009'),(7,13,'51.06447','3.72654'),(7,14,'51.06444','3.72637'),(7,15,'51.18331','3.83302'),(7,16,'51.07385','3.73566'),(7,17,'51.00552','3.76112'),(7,18,'51.01297','3.72966'),(7,19,'51.01418','3.7214'),(7,20,'51.08488','3.66576'),(7,21,'51.08655','3.67336'),(7,22,'51.19447','3.78023'),(7,23,'51.03847','3.6285'),(7,24,'51.05387','3.65965'),(7,25,'51.08294','3.79251'),(7,26,'51.0572','3.74108'),(7,28,'51.03782','3.73693'),(7,29,'51.01014','3.79133'),(7,30,'51.04155','3.74083'),(7,31,'50.9847','3.68389'),(7,32,'51.00861','3.72483'),(7,33,'51.08442','3.66531'),(7,34,'51.06783','3.69793'),(8,1,'51.0579','3.69311'),(8,2,'51.06527','3.69753'),(8,3,'51.06507','3.70109'),(8,4,'51.06515','3.70094'),(8,5,'51.06774','3.72894'),(8,6,'51.05777','3.73794'),(8,7,'51.05402','3.73961'),(8,8,'51.0397','3.73825'),(8,9,'51.03841','3.73339'),(8,10,'51.05367','3.69812'),(8,11,'51.05302','3.70097'),(8,13,'51.06468','3.72653'),(8,15,'51.18274','3.83303'),(8,16,'51.07388','3.73602'),(8,17,'51.00567','3.76042'),(8,18,'51.01291','3.72984'),(8,19,'51.01421','3.72062'),(8,20,'51.08471','3.66512'),(8,21,'51.08665','3.67393'),(8,22,'51.19433','3.77995'),(8,23,'51.0384','3.62875'),(8,24,'51.05377','3.65933'),(8,25,'51.0828','3.7922'),(8,26,'51.05721','3.74127'),(8,28,'51.03698','3.73744'),(8,29,'51.01047','3.79092'),(8,30,'51.04151','3.74093'),(8,31,'50.98489','3.68528'),(8,32,'51.00807','3.72448'),(8,33,'51.08433','3.66548'),(8,34,'51.0681','3.69746'),(9,1,'51.05824','3.69306'),(9,2,'51.06519','3.6974'),(9,3,'51.06502','3.70127'),(9,4,'51.06536','3.70072'),(9,5,'51.06775','3.72915'),(9,6,'51.05816','3.73775'),(9,7,'51.05388','3.73971'),(9,8,'51.03994','3.73834'),(9,9,'51.03844','3.73306'),(9,10,'51.05337','3.6985'),(9,11,'51.05318','3.70136'),(9,13,'51.06469','3.72651'),(9,15,'51.18242','3.83304'),(9,16,'51.07389','3.73616'),(9,17,'51.0058','3.76011'),(9,18,'51.0127','3.73033'),(9,19,'51.01425','3.71986'),(9,20,'51.08433','3.66366'),(9,21,'51.08681','3.67473'),(9,22,'51.19421','3.7797'),(9,23,'51.03829','3.62928'),(9,24,'51.05366','3.65902'),(9,25,'51.0824','3.7913'),(9,26,'51.05722','3.74144'),(9,28,'51.03635','3.73781'),(9,29,'51.01063','3.79068'),(9,30,'51.04148','3.74101'),(9,31,'50.98501','3.68623'),(9,32,'51.00778','3.72429'),(9,33,'51.08422','3.66572'),(9,34,'51.06831','3.69709'),(10,1,'51.05831','3.69305'),(10,2,'51.06508','3.69718'),(10,3,'51.06498','3.70144'),(10,4,'51.06539','3.70068'),(10,5,'51.06775','3.72919'),(10,6,'51.05832','3.73766'),(10,7,'51.0536','3.73983'),(10,8,'51.04012','3.73841'),(10,9,'51.03846','3.73163'),(10,10,'51.05325','3.69865'),(10,11,'51.05327','3.7016'),(10,15,'51.18217','3.83305'),(10,16,'51.07391','3.73633'),(10,17,'51.00589','3.75983'),(10,18,'51.01251','3.73067'),(10,19,'51.01426','3.71962'),(10,20,'51.08416','3.663'),(10,21,'51.08683','3.67484'),(10,22,'51.19396','3.77917'),(10,23,'51.03821','3.62962'),(10,24,'51.05351','3.65864'),(10,25,'51.08222','3.79091'),(10,26,'51.05722','3.74153'),(10,28,'51.03614','3.73794'),(10,29,'51.01075','3.79051'),(10,30,'51.04129','3.74147'),(10,31,'50.98507','3.68668'),(10,32,'51.00728','3.72395'),(10,33,'51.08383','3.66647'),(10,34,'51.06886','3.69602'),(11,1,'51.05875','3.69304'),(11,2,'51.06477','3.69661'),(11,3,'51.06496','3.70154'),(11,4,'51.06556','3.70051'),(11,5,'51.06776','3.72947'),(11,6,'51.05833','3.73765'),(11,7,'51.0532','3.73999'),(11,8,'51.04033','3.73849'),(11,9,'51.03847','3.73127'),(11,10,'51.05322','3.69869'),(11,11,'51.05329','3.70163'),(11,15,'51.18208','3.83305'),(11,16,'51.07394','3.73672'),(11,17,'51.00591','3.75978'),(11,18,'51.01243','3.73079'),(11,19,'51.01431','3.71905'),(11,20,'51.08399','3.66234'),(11,21,'51.08699','3.67577'),(11,22,'51.19392','3.7791'),(11,23,'51.03817','3.62985'),(11,24,'51.05347','3.65852'),(11,25,'51.08208','3.79059'),(11,26,'51.05723','3.74157'),(11,28,'51.03531','3.73848'),(11,29,'51.01122','3.78995'),(11,30,'51.04126','3.74158'),(11,31,'50.98528','3.68807'),(11,32,'51.00614','3.72313'),(11,33,'51.0836','3.66692'),(11,34,'51.0694','3.69497'),(12,1,'51.05906','3.69303'),(12,2,'51.06459','3.69635'),(12,3,'51.06489','3.70179'),(12,4,'51.06591','3.70014'),(12,5,'51.06776','3.7296'),(12,6,'51.05846','3.73758'),(12,7,'51.05287','3.74015'),(12,8,'51.04049','3.73856'),(12,9,'51.03848','3.73123'),(12,10,'51.05276','3.69927'),(12,11,'51.05341','3.70193'),(12,15,'51.18127','3.833'),(12,16,'51.07397','3.73718'),(12,17,'51.00607','3.7594'),(12,18,'51.01215','3.73123'),(12,19,'51.01434','3.71863'),(12,20,'51.08392','3.66208'),(12,21,'51.08705','3.67611'),(12,22,'51.19372','3.77872'),(12,23,'51.03815','3.63006'),(12,24,'51.05331','3.65816'),(12,25,'51.08201','3.79044'),(12,26,'51.05724','3.74167'),(12,28,'51.03447','3.73899'),(12,29,'51.01192','3.78907'),(12,30,'51.04121','3.74176'),(12,31,'50.98548','3.68947'),(12,32,'51.00579','3.72287'),(12,33,'51.0832','3.6677'),(12,34,'51.06946','3.69486'),(13,1,'51.05917','3.69304'),(13,2,'51.06455','3.69629'),(13,3,'51.06487','3.7019'),(13,4,'51.06601','3.70001'),(13,5,'51.06773','3.73005'),(13,6,'51.05865','3.73747'),(13,7,'51.05243','3.74035'),(13,8,'51.04063','3.73864'),(13,9,'51.03848','3.73119'),(13,10,'51.05259','3.69947'),(13,11,'51.05347','3.70207'),(13,15,'51.18051','3.83295'),(13,16,'51.074','3.73744'),(13,17,'51.00624','3.75898'),(13,18,'51.01179','3.73181'),(13,19,'51.0144','3.71809'),(13,20,'51.08383','3.66167'),(13,21,'51.0873','3.67749'),(13,22,'51.19331','3.77804'),(13,23,'51.03814','3.63023'),(13,24,'51.05314','3.65781'),(13,25,'51.08143','3.78916'),(13,26,'51.05725','3.74174'),(13,28,'51.03426','3.73909'),(13,29,'51.01263','3.78819'),(13,30,'51.04113','3.74192'),(13,31,'50.98555','3.69003'),(13,32,'51.00536','3.72252'),(13,33,'51.08263','3.66881'),(13,34,'51.06948','3.69482'),(14,1,'51.05971','3.69305'),(14,2,'51.06423','3.69587'),(14,3,'51.06484','3.70198'),(14,4,'51.06614','3.69987'),(14,5,'51.06771','3.73047'),(14,6,'51.05901','3.73728'),(14,7,'51.0522','3.74047'),(14,8,'51.04074','3.73871'),(14,9,'51.03848','3.73105'),(14,10,'51.05258','3.69949'),(14,11,'51.05353','3.70221'),(14,15,'51.18037','3.83292'),(14,16,'51.07404','3.7379'),(14,17,'51.00638','3.75862'),(14,18,'51.01126','3.73265'),(14,19,'51.01447','3.71742'),(14,20,'51.08372','3.66128'),(14,21,'51.08731','3.67761'),(14,22,'51.1929','3.77733'),(14,23,'51.03814','3.63039'),(14,24,'51.05296','3.65751'),(14,25,'51.08141','3.78902'),(14,26,'51.0573','3.74192'),(14,28,'51.03372','3.73935'),(14,29,'51.01312','3.78759'),(14,30,'51.04108','3.74201'),(14,31,'50.98567','3.69086'),(14,32,'51.00456','3.72187'),(14,33,'51.08246','3.66915'),(14,34,'51.07002','3.69375'),(15,1,'51.05995','3.6931'),(15,2,'51.06405','3.69567'),(15,3,'51.06477','3.70212'),(15,4,'51.06629','3.69971'),(15,5,'51.06771','3.73058'),(15,6,'51.05932','3.73714'),(15,7,'51.05212','3.74054'),(15,8,'51.04084','3.73878'),(15,9,'51.03849','3.73066'),(15,10,'51.05255','3.69951'),(15,11,'51.05356','3.7023'),(15,15,'51.17947','3.83277'),(15,16,'51.07404','3.73797'),(15,17,'51.00639','3.7586'),(15,18,'51.0111','3.73307'),(15,19,'51.01456','3.71676'),(15,20,'51.08364','3.66102'),(15,21,'51.08751','3.67869'),(15,22,'51.19262','3.77691'),(15,23,'51.03815','3.63065'),(15,24,'51.05294','3.65747'),(15,25,'51.08115','3.78844'),(15,26,'51.05739','3.74227'),(15,28,'51.03361','3.7394'),(15,29,'51.01332','3.78734'),(15,30,'51.04088','3.74242'),(15,31,'50.98587','3.69225'),(15,32,'51.00455','3.72185'),(15,33,'51.08236','3.66933'),(15,34,'51.07008','3.69367'),(16,1,'51.06008','3.69314'),(16,2,'51.064','3.69562'),(16,3,'51.06474','3.70215'),(16,4,'51.06634','3.69966'),(16,5,'51.06771','3.73098'),(16,6,'51.05944','3.73709'),(16,7,'51.05197','3.74067'),(16,8,'51.04093','3.73885'),(16,9,'51.03849','3.73027'),(16,10,'51.05238','3.69972'),(16,11,'51.0538','3.70289'),(16,15,'51.17888','3.83265'),(16,16,'51.07405','3.73813'),(16,17,'51.00654','3.7581'),(16,18,'51.01088','3.73375'),(16,19,'51.01457','3.71668'),(16,20,'51.08364','3.66102'),(16,21,'51.08755','3.67886'),(16,22,'51.19217','3.7762'),(16,23,'51.03817','3.63087'),(16,24,'51.05274','3.65715'),(16,25,'51.0807','3.78743'),(16,26,'51.0574','3.74237'),(16,28,'51.03342','3.73948'),(16,29,'51.01363','3.78693'),(16,30,'51.04081','3.74254'),(16,31,'50.98606','3.69365'),(16,32,'51.00377','3.72119'),(16,33,'51.08181','3.67046'),(16,34,'51.07022','3.6934'),(17,1,'51.06066','3.69333'),(17,2,'51.06392','3.69554'),(17,3,'51.06473','3.70216'),(17,4,'51.06621','3.69951'),(17,5,'51.06777','3.73184'),(17,6,'51.05955','3.73703'),(17,7,'51.05185','3.74084'),(17,8,'51.0417','3.73958'),(17,9,'51.03849','3.73005'),(17,10,'51.0523','3.69983'),(17,11,'51.05402','3.70343'),(17,15,'51.17858','3.83257'),(17,16,'51.07414','3.7391'),(17,17,'51.00671','3.75749'),(17,18,'51.0105','3.73504'),(17,19,'51.01463','3.71627'),(17,20,'51.08353','3.66066'),(17,21,'51.08784','3.68021'),(17,22,'51.19191','3.77588'),(17,23,'51.03819','3.63112'),(17,24,'51.0523','3.65655'),(17,25,'51.08016','3.78629'),(17,26,'51.05742','3.74245'),(17,28,'51.03325','3.73954'),(17,29,'51.01371','3.78681'),(17,30,'51.04064','3.74276'),(17,31,'50.98611','3.69399'),(17,32,'51.00345','3.7209'),(17,33,'51.08133','3.67137'),(17,34,'51.07038','3.69309'),(18,1,'51.06083','3.69342'),(18,2,'51.06382','3.69545'),(18,3,'51.06469','3.70219'),(18,4,'51.06621','3.69951'),(18,5,'51.06778','3.73195'),(18,6,'51.05981','3.73691'),(18,7,'51.05148','3.74128'),(18,8,'51.04247','3.74032'),(18,9,'51.0385','3.72997'),(18,10,'51.05227','3.69986'),(18,11,'51.05426','3.70398'),(18,15,'51.17799','3.83242'),(18,16,'51.07421','3.73992'),(18,17,'51.00675','3.75732'),(18,18,'51.01014','3.73626'),(18,19,'51.01468','3.71601'),(18,20,'51.08342','3.66034'),(18,21,'51.08814','3.68157'),(18,22,'51.19113','3.77459'),(18,23,'51.03821','3.63123'),(18,24,'51.05152','3.65547'),(18,25,'51.07971','3.78527'),(18,26,'51.05745','3.74259'),(18,28,'51.03285','3.73964'),(18,29,'51.01392','3.78651'),(18,30,'51.04046','3.74312'),(18,31,'50.98627','3.69504'),(18,32,'51.00292','3.72044'),(18,33,'51.08076','3.67248'),(18,34,'51.07082','3.69226'),(19,1,'51.06098','3.69351'),(19,2,'51.0638','3.69543'),(19,3,'51.06467','3.70219'),(19,4,'51.06598','3.69926'),(19,5,'51.0678','3.73236'),(19,6,'51.06067','3.73649'),(19,7,'51.05113','3.7417'),(19,8,'51.04346','3.74131'),(19,9,'51.03851','3.72946'),(19,10,'51.05207','3.70013'),(19,11,'51.0543','3.70408'),(19,15,'51.1777','3.83234'),(19,16,'51.07424','3.74021'),(19,17,'51.0071','3.75601'),(19,18,'51.00991','3.73733'),(19,19,'51.01473','3.71578'),(19,20,'51.08321','3.65976'),(19,21,'51.08817','3.68176'),(19,22,'51.19051','3.77356'),(19,23,'51.03822','3.63135'),(19,24,'51.05105','3.65487'),(19,25,'51.07951','3.78487'),(19,26,'51.05754','3.74302'),(19,28,'51.03272','3.73967'),(19,29,'51.01413','3.78623'),(19,30,'51.04044','3.74316'),(19,31,'50.98645','3.69618'),(19,32,'51.0025','3.72008'),(19,33,'51.0807','3.67259'),(19,34,'51.0714','3.69106'),(20,1,'51.06117','3.6936'),(20,2,'51.06371','3.69534'),(20,3,'51.06438','3.7023'),(20,5,'51.0678','3.73246'),(20,6,'51.06114','3.73628'),(20,7,'51.0504','3.74254'),(20,8,'51.04379','3.74172'),(20,9,'51.03851','3.7293'),(20,10,'51.05169','3.70063'),(20,11,'51.05443','3.70438'),(20,15,'51.17713','3.83218'),(20,16,'51.07434','3.74133'),(20,17,'51.00728','3.75538'),(20,18,'51.00987','3.73762'),(20,19,'51.01486','3.71514'),(20,20,'51.0832','3.65975'),(20,21,'51.08844','3.68291'),(20,22,'51.18988','3.77252'),(20,23,'51.03826','3.63158'),(20,24,'51.05082','3.65458'),(20,25,'51.07935','3.78454'),(20,26,'51.05759','3.74324'),(20,28,'51.03262','3.73969'),(20,29,'51.0142','3.78614'),(20,30,'51.04023','3.74358'),(20,31,'50.98649','3.69642'),(20,32,'51.0015','3.71919'),(20,33,'51.08053','3.6729'),(20,34,'51.07154','3.6908'),(21,1,'51.0614','3.69373'),(21,2,'51.06356','3.69522'),(21,3,'51.06434','3.70233'),(21,5,'51.06781','3.7326'),(21,6,'51.06122','3.73622'),(21,7,'51.05038','3.74256'),(21,8,'51.04395','3.74194'),(21,9,'51.03855','3.72771'),(21,10,'51.05133','3.7011'),(21,11,'51.05461','3.70483'),(21,15,'51.17681','3.83207'),(21,16,'51.07438','3.74154'),(21,17,'51.00742','3.75487'),(21,18,'51.00984','3.73778'),(21,19,'51.01496','3.71474'),(21,20,'51.08309','3.65946'),(21,21,'51.08865','3.68385'),(21,22,'51.18926','3.77149'),(21,23,'51.03829','3.63179'),(21,24,'51.05011','3.6537'),(21,25,'51.07902','3.78388'),(21,26,'51.05763','3.74343'),(21,28,'51.03246','3.73971'),(21,29,'51.01431','3.786'),(21,30,'51.04021','3.74364'),(21,31,'50.98663','3.69719'),(21,32,'51.00126','3.71898'),(21,33,'51.07998','3.67403'),(21,34,'51.0721','3.68969'),(22,1,'51.06146','3.69376'),(22,2,'51.06333','3.69501'),(22,3,'51.06431','3.70237'),(22,5,'51.06781','3.7327'),(22,6,'51.06131','3.73615'),(22,7,'51.05027','3.74265'),(22,8,'51.04437','3.7425'),(22,9,'51.03856','3.72723'),(22,10,'51.05099','3.70155'),(22,11,'51.0547','3.70503'),(22,15,'51.17605','3.83178'),(22,16,'51.07443','3.74196'),(22,17,'51.00785','3.75332'),(22,18,'51.00979','3.73831'),(22,19,'51.01504','3.71437'),(22,20,'51.08299','3.6592'),(22,21,'51.08876','3.68425'),(22,22,'51.18863','3.77046'),(22,23,'51.03833','3.63198'),(22,24,'51.04941','3.6528'),(22,25,'51.07884','3.78357'),(22,26,'51.05767','3.7435'),(22,28,'51.03231','3.73973'),(22,29,'51.01451','3.78575'),(22,30,'51.04009','3.74387'),(22,31,'50.98676','3.69779'),(22,32,'51.00048','3.71829'),(22,33,'51.07964','3.67466'),(22,34,'51.07243','3.68904'),(23,1,'51.06158','3.69383'),(23,2,'51.0632','3.69492'),(23,3,'51.06428','3.70242'),(23,5,'51.0678','3.73273'),(23,6,'51.06139','3.73605'),(23,7,'51.04982','3.74314'),(23,8,'51.04448','3.74264'),(23,9,'51.03857','3.72652'),(23,10,'51.05029','3.70247'),(23,11,'51.05498','3.70569'),(23,15,'51.17594','3.83173'),(23,16,'51.07453','3.74254'),(23,17,'51.00819','3.75208'),(23,18,'51.00979','3.73904'),(23,19,'51.01519','3.71381'),(23,20,'51.08253','3.65818'),(23,21,'51.08911','3.68557'),(23,22,'51.18802','3.76941'),(23,23,'51.03837','3.63213'),(23,24,'51.04871','3.6519'),(23,25,'51.07837','3.78287'),(23,26,'51.0579','3.74461'),(23,28,'51.03215','3.73967'),(23,29,'51.01472','3.78547'),(23,30,'51.03979','3.74452'),(23,31,'50.98684','3.69818'),(23,32,'50.99969','3.71759'),(23,33,'51.07894','3.67603'),(23,34,'51.07269','3.68852'),(24,1,'51.06214','3.69421'),(24,2,'51.06291','3.69469'),(24,3,'51.06426','3.70248'),(24,5,'51.06779','3.73282'),(24,6,'51.06145','3.73596'),(24,7,'51.04976','3.74322'),(24,8,'51.04462','3.74283'),(24,9,'51.03857','3.72648'),(24,10,'51.05015','3.70269'),(24,11,'51.05519','3.70624'),(24,15,'51.17507','3.83139'),(24,16,'51.07462','3.74292'),(24,17,'51.00821','3.75201'),(24,18,'51.00979','3.73968'),(24,19,'51.01532','3.71337'),(24,20,'51.08244','3.658'),(24,21,'51.0892','3.68598'),(24,22,'51.18782','3.76905'),(24,23,'51.03842','3.63234'),(24,24,'51.04835','3.65141'),(24,25,'51.07804','3.78242'),(24,26,'51.05791','3.74466'),(24,28,'51.03195','3.73967'),(24,29,'51.015','3.78513'),(24,30,'51.03949','3.74514'),(24,31,'50.98706','3.69912'),(24,32,'50.9989','3.7169'),(24,33,'51.07862','3.67673'),(24,34,'51.07323','3.68746'),(25,1,'51.06223','3.69427'),(25,2,'51.06228','3.69418'),(25,3,'51.06427','3.70253'),(25,5,'51.06779','3.73286'),(25,6,'51.06147','3.73591'),(25,7,'51.0496','3.74339'),(25,8,'51.04514','3.74361'),(25,9,'51.03861','3.7263'),(25,10,'51.05006','3.70282'),(25,11,'51.05537','3.7067'),(25,15,'51.17498','3.83133'),(25,16,'51.07465','3.74305'),(25,17,'51.00857','3.7507'),(25,18,'51.00977','3.74025'),(25,19,'51.01566','3.71241'),(25,20,'51.08203','3.65729'),(25,21,'51.08946','3.68689'),(25,22,'51.18741','3.76836'),(25,23,'51.03848','3.63254'),(25,24,'51.04775','3.65064'),(25,25,'51.07766','3.782'),(25,26,'51.05823','3.746'),(25,28,'51.03175','3.73967'),(25,29,'51.01538','3.78466'),(25,30,'51.0392','3.74573'),(25,31,'50.98706','3.69913'),(25,32,'50.99821','3.71627'),(25,33,'51.07841','3.67718'),(25,34,'51.07348','3.68697'),(26,1,'51.06225','3.69428'),(26,2,'51.0622','3.6941'),(26,3,'51.06429','3.7027'),(26,5,'51.06775','3.73295'),(26,6,'51.06164','3.73558'),(26,7,'51.0494','3.74363'),(26,8,'51.04533','3.74392'),(26,9,'51.03861','3.72626'),(26,10,'51.05005','3.70284'),(26,11,'51.05569','3.70743'),(26,15,'51.17421','3.83096'),(26,16,'51.07478','3.74359'),(26,17,'51.00894','3.74939'),(26,18,'51.00974','3.74046'),(26,19,'51.01579','3.71205'),(26,20,'51.08181','3.65697'),(26,21,'51.0895','3.68707'),(26,22,'51.18678','3.76733'),(26,23,'51.03854','3.6327'),(26,24,'51.04747','3.65028'),(26,25,'51.07746','3.78175'),(26,26,'51.05857','3.74754'),(26,28,'51.0316','3.73964'),(26,29,'51.01545','3.78449'),(26,30,'51.03877','3.74659'),(26,31,'50.98734','3.70017'),(26,32,'50.998','3.71607'),(26,33,'51.07831','3.67739'),(26,34,'51.07379','3.68638'),(27,1,'51.06306','3.69491'),(27,2,'51.06177','3.6938'),(27,3,'51.06442','3.70348'),(27,5,'51.06769','3.73306'),(27,6,'51.06174','3.7354'),(27,7,'51.04918','3.74388'),(27,8,'51.04552','3.74421'),(27,9,'51.03863','3.72605'),(27,10,'51.04999','3.70295'),(27,11,'51.05597','3.70808'),(27,15,'51.17403','3.83084'),(27,16,'51.0749','3.74398'),(27,17,'51.00927','3.74822'),(27,18,'51.00971','3.74076'),(27,19,'51.01593','3.71169'),(27,20,'51.08176','3.65688'),(27,21,'51.08982','3.68815'),(27,22,'51.18629','3.7665'),(27,23,'51.03864','3.63298'),(27,24,'51.04644','3.64897'),(27,25,'51.07737','3.78164'),(27,26,'51.05873','3.74821'),(27,29,'51.01615','3.78359'),(27,30,'51.03868','3.74676'),(27,31,'50.98742','3.70044'),(27,32,'50.99771','3.71582'),(27,33,'51.07827','3.67746'),(27,34,'51.07435','3.68528'),(28,1,'51.06316','3.69502'),(28,2,'51.06166','3.69371'),(28,3,'51.06448','3.70376'),(28,5,'51.06759','3.73314'),(28,6,'51.06184','3.73528'),(28,7,'51.04902','3.7441'),(28,8,'51.04574','3.7445'),(28,9,'51.03865','3.72582'),(28,10,'51.04993','3.7031'),(28,11,'51.05609','3.70834'),(28,15,'51.17336','3.83047'),(28,16,'51.07505','3.74437'),(28,17,'51.00931','3.74804'),(28,18,'51.00963','3.74133'),(28,19,'51.01624','3.71102'),(28,20,'51.08152','3.65658'),(28,21,'51.08983','3.68819'),(28,22,'51.18616','3.76629'),(28,23,'51.03912','3.6342'),(28,24,'51.04613','3.64856'),(28,25,'51.07727','3.78153'),(28,26,'51.05881','3.74859'),(28,29,'51.01669','3.78294'),(28,30,'51.03841','3.74731'),(28,31,'50.98774','3.70151'),(28,32,'50.99692','3.71512'),(28,33,'51.07826','3.67748'),(28,34,'51.07462','3.68478'),(29,1,'51.06326','3.69513'),(29,2,'51.06156','3.69364'),(29,3,'51.06449','3.70386'),(29,5,'51.06755','3.73319'),(29,6,'51.06196','3.73518'),(29,7,'51.04824','3.74499'),(29,8,'51.0459','3.74469'),(29,9,'51.03872','3.72543'),(29,10,'51.04988','3.70323'),(29,11,'51.05612','3.7084'),(29,15,'51.17309','3.83031'),(29,16,'51.07532','3.74505'),(29,17,'51.00967','3.74676'),(29,18,'51.00948','3.74182'),(29,19,'51.01668','3.71009'),(29,20,'51.08127','3.65631'),(29,21,'51.0901','3.6891'),(29,22,'51.18554','3.76526'),(29,23,'51.03929','3.63469'),(29,24,'51.04565','3.64793'),(29,25,'51.07682','3.78104'),(29,26,'51.05901','3.74944'),(29,29,'51.01717','3.78236'),(29,30,'51.03808','3.74798'),(29,31,'50.98781','3.70173'),(29,32,'50.99614','3.71443'),(29,33,'51.07812','3.67781'),(29,34,'51.07492','3.68417'),(30,1,'51.06342','3.69526'),(30,2,'51.06136','3.69354'),(30,3,'51.06459','3.70447'),(30,5,'51.06669','3.73361'),(30,6,'51.06207','3.73511'),(30,7,'51.04807','3.74512'),(30,8,'51.04594','3.74474'),(30,9,'51.03876','3.72535'),(30,10,'51.04985','3.70337'),(30,11,'51.05613','3.70843'),(30,15,'51.17252','3.82996'),(30,16,'51.07542','3.74529'),(30,17,'51.01004','3.74546'),(30,18,'51.00946','3.74187'),(30,19,'51.01679','3.70989'),(30,20,'51.08098','3.6561'),(30,21,'51.09019','3.68943'),(30,22,'51.18548','3.76515'),(30,23,'51.03957','3.63543'),(30,24,'51.04495','3.64703'),(30,25,'51.07614','3.78029'),(30,26,'51.05908','3.74979'),(30,29,'51.01744','3.782'),(30,30,'51.03789','3.74825'),(30,31,'50.98816','3.70276'),(30,32,'50.99561','3.71393'),(30,33,'51.07787','3.67832'),(30,34,'51.07493','3.68416'),(31,1,'51.06349','3.69532'),(31,2,'51.06121','3.69346'),(31,3,'51.06464','3.70478'),(31,5,'51.06668','3.7336'),(31,6,'51.06267','3.73483'),(31,7,'51.04791','3.74532'),(31,8,'51.04637','3.74521'),(31,9,'51.03912','3.72462'),(31,10,'51.04985','3.70341'),(31,11,'51.05623','3.70868'),(31,15,'51.17221','3.82976'),(31,16,'51.07553','3.74553'),(31,17,'51.0104','3.74415'),(31,18,'51.00916','3.74298'),(31,19,'51.01718','3.70925'),(31,20,'51.08072','3.65598'),(31,21,'51.09028','3.68972'),(31,22,'51.18506','3.76448'),(31,23,'51.03959','3.6355'),(31,24,'51.0449','3.64697'),(31,25,'51.07524','3.77927'),(31,26,'51.05934','3.75093'),(31,29,'51.01776','3.78161'),(31,30,'51.03774','3.74846'),(31,31,'50.98825','3.70298'),(31,32,'50.99537','3.71369'),(31,33,'51.07731','3.67945'),(31,34,'51.07526','3.68352'),(32,1,'51.06352','3.69535'),(32,2,'51.06084','3.69327'),(32,3,'51.06471','3.70525'),(32,5,'51.06615','3.73385'),(32,6,'51.06292','3.73471'),(32,7,'51.04776','3.74548'),(32,8,'51.04656','3.74542'),(32,9,'51.03917','3.72454'),(32,10,'51.04983','3.70348'),(32,11,'51.05625','3.70875'),(32,15,'51.17169','3.82941'),(32,16,'51.07566','3.7458'),(32,17,'51.01077','3.74285'),(32,18,'51.00877','3.74427'),(32,19,'51.01743','3.70888'),(32,20,'51.08045','3.65589'),(32,21,'51.09041','3.69017'),(32,22,'51.1849','3.76425'),(32,23,'51.0399','3.6363'),(32,24,'51.0444','3.64636'),(32,25,'51.075','3.779'),(32,26,'51.05937','3.75108'),(32,29,'51.01832','3.78091'),(32,30,'51.0377','3.74854'),(32,31,'50.98874','3.70418'),(32,32,'50.99461','3.71293'),(32,33,'51.07701','3.68003'),(32,34,'51.07548','3.68307'),(33,1,'51.06366','3.69548'),(33,2,'51.06065','3.69322'),(33,3,'51.06485','3.70614'),(33,5,'51.06582','3.73401'),(33,6,'51.0631','3.73463'),(33,7,'51.04765','3.74558'),(33,8,'51.0467','3.74557'),(33,9,'51.03928','3.72433'),(33,10,'51.04981','3.70362'),(33,11,'51.05629','3.70885'),(33,15,'51.17134','3.82916'),(33,16,'51.0758','3.74606'),(33,17,'51.01104','3.74191'),(33,18,'51.00861','3.74477'),(33,19,'51.01777','3.70837'),(33,20,'51.08023','3.65586'),(33,21,'51.09068','3.69107'),(33,22,'51.18462','3.76384'),(33,23,'51.04003','3.63666'),(33,24,'51.04428','3.64619'),(33,25,'51.0749','3.7789'),(33,26,'51.0594','3.7512'),(33,29,'51.01859','3.78058'),(33,30,'51.03759','3.74874'),(33,31,'50.98874','3.70423'),(33,32,'50.99432','3.71264'),(33,33,'51.07675','3.68056'),(33,34,'51.07601','3.68202'),(34,1,'51.06375','3.69556'),(34,2,'51.06047','3.69316'),(34,3,'51.06497','3.70697'),(34,5,'51.06573','3.73404'),(34,6,'51.06317','3.7346'),(34,7,'51.04763','3.7456'),(34,8,'51.04684','3.74571'),(34,9,'51.03943','3.72406'),(34,10,'51.04977','3.70375'),(34,11,'51.05633','3.70896'),(34,15,'51.17088','3.8288'),(34,16,'51.07587','3.74618'),(34,17,'51.01114','3.74154'),(34,18,'51.00821','3.74605'),(34,19,'51.01811','3.70795'),(34,20,'51.07996','3.65586'),(34,21,'51.0908','3.69147'),(34,22,'51.18422','3.76332'),(34,23,'51.0405','3.63788'),(34,24,'51.04413','3.64598'),(34,25,'51.07475','3.77872'),(34,26,'51.05968','3.75242'),(34,29,'51.01886','3.78025'),(34,30,'51.03729','3.74931'),(34,31,'50.98925','3.70534'),(34,32,'50.99384','3.71217'),(34,33,'51.0764','3.68125'),(34,34,'51.0764','3.68125'),(35,1,'51.06378','3.69559'),(35,2,'51.06034','3.69312'),(35,3,'51.06516','3.70821'),(35,5,'51.06527','3.73426'),(35,6,'51.06328','3.73455'),(35,7,'51.04756','3.74564'),(35,8,'51.04698','3.74579'),(35,9,'51.03977','3.72342'),(35,10,'51.0497','3.70397'),(35,11,'51.05658','3.70954'),(35,15,'51.17035','3.82838'),(35,16,'51.07637','3.74714'),(35,17,'51.01151','3.74024'),(35,18,'51.00821','3.74606'),(35,19,'51.01813','3.70794'),(35,20,'51.07964','3.65596'),(35,21,'51.09108','3.69245'),(35,22,'51.1836','3.76248'),(35,23,'51.0405','3.63794'),(35,24,'51.04393','3.6457'),(35,25,'51.07447','3.77839'),(35,26,'51.05974','3.75274'),(35,29,'51.01905','3.78'),(35,30,'51.0372','3.74948'),(35,31,'50.98936','3.70561'),(35,32,'50.99378','3.71208'),(35,33,'51.07601','3.68202'),(35,34,'51.07695','3.68012'),(36,1,'51.06401','3.6958'),(36,2,'51.06011','3.69304'),(36,3,'51.06518','3.70846'),(36,5,'51.06522','3.73425'),(36,6,'51.064','3.73421'),(36,7,'51.04748','3.74568'),(36,8,'51.04705','3.74583'),(36,9,'51.03978','3.72339'),(36,10,'51.04946','3.70447'),(36,11,'51.05667','3.70984'),(36,15,'51.17007','3.82816'),(36,16,'51.07698','3.74819'),(36,17,'51.01182','3.73913'),(36,18,'51.0079','3.74718'),(36,19,'51.01885','3.70714'),(36,20,'51.07956','3.656'),(36,21,'51.09118','3.69276'),(36,22,'51.18353','3.7624'),(36,23,'51.04091','3.63915'),(36,24,'51.0438','3.64553'),(36,25,'51.07416','3.77798'),(36,26,'51.05999','3.75387'),(36,29,'51.01975','3.7791'),(36,30,'51.03692','3.75005'),(36,31,'50.98978','3.7065'),(36,32,'50.99319','3.71142'),(36,33,'51.07546','3.68315'),(36,34,'51.07701','3.68003'),(37,1,'51.06422','3.696'),(37,2,'51.0597','3.69294'),(37,3,'51.06521','3.70872'),(37,5,'51.06489','3.73441'),(37,6,'51.06408','3.73419'),(37,7,'51.0474','3.74571'),(37,8,'51.04712','3.74585'),(37,9,'51.03982','3.72332'),(37,10,'51.04929','3.70481'),(37,11,'51.05683','3.71002'),(37,15,'51.16937','3.82755'),(37,16,'51.07723','3.74862'),(37,17,'51.01213','3.73804'),(37,18,'51.00753','3.74843'),(37,19,'51.0189','3.70709'),(37,20,'51.07921','3.6562'),(37,21,'51.09142','3.69359'),(37,22,'51.18344','3.7623'),(37,23,'51.04133','3.64042'),(37,24,'51.04329','3.64471'),(37,25,'51.07406','3.77783'),(37,26,'51.06013','3.75448'),(37,29,'51.02033','3.77838'),(37,30,'51.03676','3.75036'),(37,31,'50.98984','3.70665'),(37,32,'50.99312','3.71133'),(37,33,'51.07526','3.68352'),(37,34,'51.07751','3.679'),(38,1,'51.06446','3.69631'),(38,2,'51.05945','3.69293'),(38,3,'51.06524','3.70895'),(38,5,'51.06481','3.73444'),(38,6,'51.06416','3.73418'),(38,7,'51.04731','3.74572'),(38,8,'51.04723','3.74586'),(38,9,'51.03987','3.72323'),(38,10,'51.04924','3.70499'),(38,11,'51.05695','3.71012'),(38,15,'51.16929','3.82747'),(38,16,'51.07734','3.74879'),(38,17,'51.0124','3.73703'),(38,18,'51.00739','3.74891'),(38,19,'51.01942','3.70663'),(38,20,'51.07885','3.65651'),(38,21,'51.09156','3.69406'),(38,22,'51.18295','3.76173'),(38,23,'51.04149','3.64096'),(38,24,'51.04322','3.6446'),(38,25,'51.07399','3.77773'),(38,26,'51.06024','3.755'),(38,29,'51.02066','3.77796'),(38,30,'51.03664','3.75062'),(38,31,'50.99029','3.70752'),(38,32,'50.99264','3.71073'),(38,33,'51.07493','3.68416'),(38,34,'51.07807','3.67787'),(39,1,'51.06452','3.6964'),(39,2,'51.05919','3.6929'),(39,3,'51.06526','3.70905'),(39,5,'51.06475','3.73444'),(39,6,'51.06426','3.73421'),(39,7,'51.04724','3.74572'),(39,8,'51.04732','3.74587'),(39,9,'51.03992','3.72314'),(39,10,'51.0492','3.70519'),(39,11,'51.05702','3.71015'),(39,15,'51.16852','3.82671'),(39,16,'51.0775','3.74905'),(39,17,'51.01246','3.73671'),(39,18,'51.00704','3.75022'),(39,19,'51.01964','3.70646'),(39,20,'51.07875','3.6566'),(39,21,'51.09173','3.69463'),(39,22,'51.18279','3.76157'),(39,23,'51.04162','3.64134'),(39,24,'51.04303','3.64425'),(39,25,'51.07392','3.77762'),(39,26,'51.06054','3.75632'),(39,29,'51.02099','3.77755'),(39,30,'51.03635','3.75119'),(39,31,'50.99034','3.70761'),(39,32,'50.99241','3.71044'),(39,33,'51.07489','3.68425'),(39,34,'51.07812','3.67781'),(40,1,'51.06472','3.69669'),(40,2,'51.05907','3.6929'),(40,3,'51.06528','3.70917'),(40,5,'51.06468','3.73442'),(40,6,'51.06433','3.73425'),(40,7,'51.04714','3.7457'),(40,8,'51.04741','3.74586'),(40,9,'51.03996','3.72306'),(40,10,'51.04918','3.70537'),(40,11,'51.05741','3.71023'),(40,15,'51.16776','3.82595'),(40,16,'51.07774','3.74939'),(40,17,'51.01252','3.73648'),(40,18,'51.00683','3.75093'),(40,19,'51.02041','3.7059'),(40,20,'51.07854','3.65678'),(40,21,'51.09195','3.69534'),(40,22,'51.1824','3.76117'),(40,23,'51.04185','3.64199'),(40,24,'51.04265','3.64352'),(40,25,'51.07383','3.77747'),(40,26,'51.06056','3.75641'),(40,29,'51.02169','3.77665'),(40,30,'51.03614','3.75163'),(40,31,'50.99075','3.70832'),(40,32,'50.99182','3.70964'),(40,33,'51.07462','3.68478'),(40,34,'51.07826','3.67748'),(41,1,'51.06503','3.69725'),(41,2,'51.05905','3.69289'),(41,3,'51.0653','3.7093'),(41,5,'51.06458','3.73436'),(41,6,'51.06436','3.73428'),(41,7,'51.04707','3.74568'),(41,8,'51.0475','3.74582'),(41,9,'51.0405','3.72206'),(41,10,'51.04918','3.7055'),(41,11,'51.05792','3.71034'),(41,15,'51.16734','3.82552'),(41,16,'51.07789','3.7496'),(41,17,'51.0127','3.73539'),(41,18,'51.00663','3.75161'),(41,19,'51.02046','3.70587'),(41,20,'51.07829','3.657'),(41,21,'51.09211','3.69584'),(41,22,'51.18203','3.76081'),(41,23,'51.04212','3.64269'),(41,24,'51.04265','3.6435'),(41,25,'51.0735','3.77692'),(41,26,'51.06058','3.75653'),(41,29,'51.02201','3.77625'),(41,30,'51.03597','3.75197'),(41,31,'50.99096','3.70865'),(41,32,'50.99173','3.70951'),(41,33,'51.07435','3.68528'),(41,34,'51.07827','3.67746'),(42,1,'51.0652','3.69759'),(42,2,'51.05898','3.6929'),(42,3,'51.06534','3.70949'),(42,5,'51.06439','3.73421'),(42,6,'51.06455','3.73444'),(42,7,'51.047','3.74565'),(42,8,'51.04759','3.74577'),(42,9,'51.04066','3.72176'),(42,10,'51.04918','3.70555'),(42,11,'51.058','3.71037'),(42,15,'51.16701','3.82516'),(42,16,'51.07794','3.74967'),(42,17,'51.01271','3.73534'),(42,18,'51.00649','3.75207'),(42,19,'51.02111','3.70548'),(42,20,'51.0781','3.65712'),(42,21,'51.09237','3.69662'),(42,22,'51.18139','3.76018'),(42,23,'51.04242','3.64335'),(42,24,'51.04228','3.64272'),(42,25,'51.07321','3.7764'),(42,26,'51.06067','3.75695'),(42,29,'51.02219','3.77604'),(42,30,'51.03588','3.75215'),(42,31,'50.9912','3.70904'),(42,32,'50.99109','3.70851'),(42,33,'51.07379','3.68638'),(42,34,'51.07831','3.67739'),(43,1,'51.06543','3.69811'),(43,2,'51.0583','3.69293'),(43,3,'51.06547','3.71019'),(43,5,'51.06431','3.73415'),(43,6,'51.06467','3.7345'),(43,7,'51.0469','3.74559'),(43,8,'51.04765','3.74571'),(43,9,'51.04109','3.72099'),(43,10,'51.04918','3.70564'),(43,11,'51.0583','3.71045'),(43,15,'51.16626','3.82436'),(43,16,'51.07801','3.74974'),(43,17,'51.01288','3.73459'),(43,18,'51.00637','3.75254'),(43,19,'51.02131','3.70539'),(43,20,'51.07794','3.65722'),(43,21,'51.09251','3.69706'),(43,22,'51.18126','3.76007'),(43,23,'51.0427','3.64393'),(43,24,'51.04194','3.6419'),(43,25,'51.07309','3.77616'),(43,26,'51.06079','3.75747'),(43,29,'51.02258','3.77558'),(43,30,'51.0358','3.75232'),(43,31,'50.9916','3.70964'),(43,32,'50.99057','3.70767'),(43,33,'51.07348','3.68697'),(43,34,'51.07861','3.67674'),(44,1,'51.06562','3.69858'),(44,2,'51.05808','3.69298'),(44,3,'51.06553','3.71055'),(44,5,'51.06424','3.73412'),(44,6,'51.06475','3.73452'),(44,7,'51.0468','3.74551'),(44,8,'51.04773','3.74563'),(44,9,'51.04124','3.72074'),(44,10,'51.0492','3.70604'),(44,11,'51.05842','3.71046'),(44,15,'51.16552','3.82356'),(44,16,'51.07815','3.74991'),(44,17,'51.01324','3.73327'),(44,18,'51.00629','3.75292'),(44,19,'51.02217','3.70497'),(44,20,'51.07792','3.65723'),(44,21,'51.09279','3.69788'),(44,22,'51.18105','3.75989'),(44,23,'51.0429','3.64433'),(44,24,'51.04158','3.64085'),(44,25,'51.07303','3.77604'),(44,26,'51.06098','3.7583'),(44,29,'51.02273','3.77538'),(44,30,'51.03541','3.75309'),(44,31,'50.99168','3.70977'),(44,32,'50.99047','3.70748'),(44,33,'51.07323','3.68746'),(44,34,'51.07862','3.67673'),(45,1,'51.06584','3.69915'),(45,2,'51.05772','3.69304'),(45,3,'51.06574','3.71194'),(45,5,'51.06415','3.7341'),(45,6,'51.06482','3.73452'),(45,7,'51.04674','3.74546'),(45,8,'51.04791','3.74542'),(45,9,'51.04141','3.72047'),(45,10,'51.04921','3.70632'),(45,11,'51.05848','3.71048'),(45,15,'51.16477','3.82276'),(45,16,'51.0786','3.75038'),(45,17,'51.01368','3.73169'),(45,18,'51.00618','3.7534'),(45,19,'51.02224','3.70496'),(45,20,'51.07759','3.65735'),(45,21,'51.09296','3.69837'),(45,22,'51.18056','3.7595'),(45,23,'51.04316','3.64478'),(45,24,'51.04116','3.63958'),(45,25,'51.0729','3.77588'),(45,26,'51.06104','3.75863'),(45,29,'51.02295','3.7751'),(45,30,'51.03524','3.75344'),(45,31,'50.99229','3.71058'),(45,32,'50.98998','3.70656'),(45,33,'51.07269','3.68852'),(45,34,'51.07894','3.67603'),(46,1,'51.06586','3.69918'),(46,2,'51.05753','3.69313'),(46,3,'51.06577','3.7122'),(46,5,'51.06404','3.73411'),(46,6,'51.0649','3.73449'),(46,7,'51.04641','3.74513'),(46,8,'51.04811','3.74519'),(46,9,'51.04147','3.72036'),(46,10,'51.04921','3.70659'),(46,11,'51.05855','3.71052'),(46,15,'51.16403','3.82195'),(46,16,'51.07877','3.75051'),(46,17,'51.01375','3.73135'),(46,18,'51.00604','3.75387'),(46,19,'51.02304','3.70464'),(46,20,'51.0773','3.65739'),(46,21,'51.09323','3.69913'),(46,22,'51.18046','3.75941'),(46,23,'51.04328','3.64501'),(46,24,'51.04074','3.63832'),(46,25,'51.07284','3.77576'),(46,26,'51.06117','3.75917'),(46,29,'51.02332','3.77461'),(46,30,'51.03519','3.75354'),(46,31,'50.99238','3.71073'),(46,32,'50.98989','3.70638'),(46,33,'51.07243','3.68904'),(46,34,'51.07964','3.67466'),(47,1,'51.06593','3.69932'),(47,2,'51.05744','3.69321'),(47,3,'51.06599','3.71359'),(47,5,'51.06358','3.73433'),(47,6,'51.06525','3.73433'),(47,7,'51.0462','3.74489'),(47,8,'51.04824','3.74499'),(47,9,'51.04192','3.71951'),(47,10,'51.0492','3.70683'),(47,11,'51.05859','3.71058'),(47,15,'51.16328','3.82115'),(47,16,'51.07906','3.75075'),(47,17,'51.01386','3.73062'),(47,18,'51.00595','3.75425'),(47,19,'51.0235','3.70447'),(47,20,'51.0769','3.65736'),(47,21,'51.09341','3.69965'),(47,22,'51.18037','3.75935'),(47,23,'51.04342','3.64525'),(47,24,'51.04059','3.63781'),(47,25,'51.07237','3.77482'),(47,26,'51.06131','3.75981'),(47,29,'51.02341','3.77455'),(47,30,'51.03493','3.75407'),(47,31,'50.99294','3.71144'),(47,32,'50.98948','3.70551'),(47,33,'51.07213','3.68964'),(47,34,'51.08019','3.67353'),(48,1,'51.06614','3.69954'),(48,2,'51.05739','3.69326'),(48,3,'51.06621','3.71498'),(48,5,'51.06316','3.73452'),(48,6,'51.06527','3.73426'),(48,7,'51.04599','3.74464'),(48,8,'51.04896','3.74415'),(48,9,'51.04195','3.71946'),(48,10,'51.04913','3.70721'),(48,11,'51.05864','3.71066'),(48,15,'51.16254','3.82035'),(48,16,'51.07958','3.75112'),(48,17,'51.01389','3.73038'),(48,18,'51.00593','3.7543'),(48,19,'51.02375','3.70437'),(48,20,'51.076','3.65729'),(48,21,'51.09369','3.70036'),(48,22,'51.18019','3.75921'),(48,23,'51.04375','3.64575'),(48,24,'51.04031','3.63706'),(48,25,'51.07228','3.77465'),(48,26,'51.06134','3.75994'),(48,29,'51.02352','3.77441'),(48,30,'51.03492','3.7541'),(48,31,'50.99298','3.71148'),(48,32,'50.98935','3.70524'),(48,33,'51.07154','3.6908'),(48,34,'51.08053','3.6729'),(49,1,'51.06617','3.69957'),(49,2,'51.05711','3.69362'),(49,3,'51.06626','3.71534'),(49,5,'51.06309','3.73455'),(49,6,'51.06573','3.73404'),(49,7,'51.04596','3.74459'),(49,8,'51.04902','3.7441'),(49,9,'51.04199','3.71938'),(49,10,'51.04901','3.70771'),(49,11,'51.05882','3.71099'),(49,15,'51.16179','3.81955'),(49,16,'51.0797','3.75122'),(49,17,'51.01394','3.72978'),(49,18,'51.00572','3.75513'),(49,19,'51.02462','3.70403'),(49,20,'51.07587','3.65728'),(49,21,'51.09402','3.70124'),(49,22,'51.17964','3.75884'),(49,23,'51.04384','3.64591'),(49,24,'51.04029','3.63699'),(49,25,'51.07194','3.77396'),(49,26,'51.06135','3.76'),(49,29,'51.02367','3.77421'),(49,30,'51.03484','3.75428'),(49,31,'50.99344','3.71202'),(49,32,'50.98882','3.70408'),(49,33,'51.0714','3.69106'),(49,34,'51.0807','3.67259'),(50,2,'51.05676','3.69408'),(50,3,'51.0664','3.71627'),(50,5,'51.0629','3.73463'),(50,6,'51.06615','3.73385'),(50,7,'51.04559','3.74412'),(50,8,'51.04918','3.74388'),(50,9,'51.04203','3.71931'),(50,10,'51.04886','3.70816'),(50,11,'51.05895','3.71121'),(50,15,'51.16104','3.81875'),(50,16,'51.08009','3.75157'),(50,17,'51.01397','3.72874'),(50,18,'51.00561','3.75557'),(50,19,'51.02549','3.70368'),(50,20,'51.0751','3.65723'),(50,21,'51.09416','3.70158'),(50,22,'51.17907','3.75845'),(50,23,'51.0439','3.64599'),(50,24,'51.04','3.63618'),(50,25,'51.07184','3.77377'),(50,26,'51.06136','3.76005'),(50,29,'51.02386','3.77397'),(50,30,'51.03473','3.75449'),(50,31,'50.99371','3.71231'),(50,32,'50.98882','3.70403'),(50,33,'51.07082','3.69226'),(50,34,'51.08133','3.67137'),(51,2,'51.05646','3.69445'),(51,3,'51.06642','3.71637'),(51,5,'51.06204','3.73505'),(51,6,'51.06659','3.73363'),(51,7,'51.04539','3.74384'),(51,8,'51.0494','3.74363'),(51,9,'51.04208','3.71921'),(51,10,'51.04885','3.70819'),(51,11,'51.05917','3.7116'),(51,15,'51.1603','3.81794'),(51,16,'51.08035','3.75186'),(51,17,'51.01401','3.72759'),(51,18,'51.00548','3.75609'),(51,19,'51.02585','3.70357'),(51,20,'51.0742','3.65716'),(51,21,'51.09434','3.70203'),(51,22,'51.17874','3.75826'),(51,23,'51.04395','3.64605'),(51,24,'51.03986','3.63583'),(51,25,'51.07176','3.77361'),(51,26,'51.06139','3.76018'),(51,29,'51.02414','3.7736'),(51,30,'51.03464','3.75469'),(51,31,'50.9942','3.71287'),(51,32,'50.98837','3.70285'),(51,33,'51.07038','3.69309'),(51,34,'51.08188','3.67024'),(52,2,'51.05632','3.69462'),(52,3,'51.06651','3.71696'),(52,5,'51.06202','3.73504'),(52,6,'51.06668','3.7336'),(52,7,'51.04472','3.74288'),(52,8,'51.0496','3.74339'),(52,9,'51.04209','3.71919'),(52,10,'51.04871','3.70856'),(52,11,'51.05943','3.71177'),(52,15,'51.15956','3.81712'),(52,16,'51.08084','3.75245'),(52,18,'51.00535','3.75662'),(52,19,'51.02637','3.7034'),(52,20,'51.07363','3.65711'),(52,21,'51.09465','3.70278'),(52,22,'51.17803','3.75785'),(52,23,'51.044','3.64609'),(52,24,'51.0397','3.63538'),(52,25,'51.07161','3.77328'),(52,26,'51.06154','3.7608'),(52,29,'51.02449','3.77316'),(52,30,'51.03461','3.75475'),(52,31,'50.99446','3.71311'),(52,32,'50.98828','3.70258'),(52,33,'51.07022','3.6934'),(52,34,'51.08236','3.66933'),(53,2,'51.05627','3.69468'),(53,3,'51.06652','3.71705'),(53,5,'51.06194','3.73509'),(53,6,'51.06755','3.73319'),(53,7,'51.04466','3.74277'),(53,8,'51.04976','3.74322'),(53,9,'51.0421','3.71917'),(53,10,'51.04851','3.70896'),(53,11,'51.05946','3.71179'),(53,15,'51.15949','3.81704'),(53,16,'51.08108','3.7527'),(53,18,'51.0053','3.75691'),(53,19,'51.02699','3.70322'),(53,20,'51.07297','3.65709'),(53,21,'51.09466','3.70281'),(53,22,'51.1779','3.75778'),(53,23,'51.04405','3.64613'),(53,24,'51.03941','3.6346'),(53,25,'51.07148','3.77297'),(53,26,'51.06168','3.76131'),(53,29,'51.02461','3.77303'),(53,30,'51.03439','3.75522'),(53,31,'50.99523','3.71385'),(53,32,'50.98795','3.70159'),(53,33,'51.07008','3.69367'),(53,34,'51.08246','3.66915'),(54,2,'51.05624','3.69473'),(54,3,'51.06656','3.71729'),(54,5,'51.06187','3.73515'),(54,6,'51.06759','3.73321'),(54,7,'51.04441','3.74241'),(54,8,'51.04982','3.74314'),(54,9,'51.04215','3.71906'),(54,10,'51.04837','3.70914'),(54,11,'51.05959','3.71184'),(54,15,'51.15882','3.81632'),(54,16,'51.08182','3.7535'),(54,18,'51.00527','3.75707'),(54,19,'51.02725','3.70312'),(54,20,'51.07253','3.65708'),(54,21,'51.09516','3.70396'),(54,22,'51.17756','3.7576'),(54,23,'51.04432','3.64649'),(54,24,'51.03941','3.63459'),(54,25,'51.07116','3.77205'),(54,26,'51.06176','3.76153'),(54,29,'51.02477','3.77283'),(54,30,'51.03395','3.75612'),(54,31,'50.9955','3.71412'),(54,32,'50.98789','3.70141'),(54,33,'51.06965','3.69451'),(54,34,'51.0832','3.6677'),(55,2,'51.05616','3.69483'),(55,3,'51.06679','3.71867'),(55,5,'51.06181','3.73521'),(55,6,'51.06776','3.73313'),(55,7,'51.04393','3.74178'),(55,8,'51.05027','3.74265'),(55,9,'51.04228','3.7188'),(55,10,'51.04828','3.70923'),(55,11,'51.05969','3.71192'),(55,15,'51.15814','3.81558'),(55,16,'51.08191','3.75361'),(55,18,'51.00519','3.75765'),(55,19,'51.02777','3.70294'),(55,20,'51.07176','3.6571'),(55,21,'51.09542','3.70459'),(55,22,'51.17739','3.75752'),(55,23,'51.04455','3.64678'),(55,24,'51.03902','3.63359'),(55,25,'51.07082','3.77105'),(55,26,'51.06189','3.76193'),(55,29,'51.02548','3.77195'),(55,30,'51.03386','3.75628'),(55,31,'50.996','3.71456'),(55,32,'50.98755','3.70031'),(55,33,'51.06948','3.69482'),(55,34,'51.0836','3.66692'),(56,3,'51.06685','3.71914'),(56,5,'51.06171','3.73534'),(56,6,'51.06785','3.73308'),(56,7,'51.04358','3.74131'),(56,8,'51.05038','3.74256'),(56,9,'51.04238','3.71861'),(56,10,'51.04809','3.7094'),(56,11,'51.05976','3.712'),(56,15,'51.15807','3.81551'),(56,16,'51.0826','3.75421'),(56,18,'51.00513','3.7584'),(56,19,'51.02812','3.70274'),(56,20,'51.07071','3.65715'),(56,21,'51.09568','3.70512'),(56,22,'51.17725','3.75744'),(56,23,'51.04482','3.64714'),(56,24,'51.03874','3.63286'),(56,25,'51.07064','3.7705'),(56,26,'51.062','3.76219'),(56,29,'51.02575','3.77161'),(56,30,'51.03366','3.75668'),(56,31,'50.99679','3.71525'),(56,32,'50.98749','3.70011'),(56,33,'51.06946','3.69486'),(56,34,'51.08383','3.66647'),(57,3,'51.06695','3.7198'),(57,5,'51.06163','3.73547'),(57,6,'51.06789','3.73303'),(57,7,'51.0435','3.74121'),(57,8,'51.051','3.74181'),(57,9,'51.04255','3.71827'),(57,10,'51.04801','3.70947'),(57,11,'51.05978','3.71204'),(57,15,'51.15733','3.81471'),(57,16,'51.08287','3.75447'),(57,18,'51.00508','3.75906'),(57,19,'51.02874','3.7024'),(57,20,'51.07017','3.65718'),(57,21,'51.09622','3.70627'),(57,22,'51.17653','3.75709'),(57,23,'51.04525','3.64767'),(57,24,'51.03864','3.63257'),(57,25,'51.0706','3.77039'),(57,26,'51.06203','3.76228'),(57,29,'51.02645','3.77071'),(57,30,'51.03344','3.75714'),(57,31,'50.99766','3.71605'),(57,32,'50.98721','3.69899'),(57,33,'51.0694','3.69497'),(57,34,'51.08422','3.66572'),(58,3,'51.06704','3.72039'),(58,5,'51.06142','3.73591'),(58,6,'51.06794','3.73289'),(58,7,'51.04273','3.74048'),(58,8,'51.05148','3.74128'),(58,9,'51.04261','3.71815'),(58,10,'51.04798','3.70952'),(58,11,'51.06022','3.71259'),(58,15,'51.1568','3.81412'),(58,16,'51.08341','3.75482'),(58,18,'51.00507','3.75913'),(58,19,'51.02897','3.70224'),(58,20,'51.06981','3.65722'),(58,21,'51.09623','3.70632'),(58,22,'51.17568','3.75665'),(58,23,'51.04595','3.64858'),(58,24,'51.03857','3.63237'),(58,25,'51.07046','3.77004'),(58,26,'51.06215','3.76254'),(58,29,'51.02715','3.76981'),(58,30,'51.0332','3.75761'),(58,31,'50.99794','3.71631'),(58,32,'50.98699','3.69813'),(58,33,'51.06886','3.69602'),(58,34,'51.08433','3.66548'),(59,3,'51.06724','3.72165'),(59,5,'51.06129','3.7361'),(59,6,'51.06794','3.73286'),(59,7,'51.04196','3.73974'),(59,8,'51.05185','3.74084'),(59,9,'51.04269','3.71798'),(59,10,'51.04769','3.70983'),(59,11,'51.06047','3.71294'),(59,15,'51.15669','3.81401'),(59,16,'51.08355','3.75493'),(59,18,'51.00502','3.75973'),(59,19,'51.02965','3.70165'),(59,20,'51.06948','3.65725'),(59,21,'51.09676','3.70741'),(59,22,'51.17567','3.75664'),(59,23,'51.04601','3.64865'),(59,24,'51.03851','3.63216'),(59,25,'51.07036','3.76982'),(59,26,'51.06223','3.76273'),(59,29,'51.02731','3.76963'),(59,30,'51.03284','3.75833'),(59,31,'50.99815','3.71649'),(59,32,'50.98689','3.69765'),(59,33,'51.06831','3.69709'),(59,34,'51.08442','3.66531'),(60,3,'51.06726','3.72178'),(60,5,'51.06117','3.73618'),(60,6,'51.06795','3.73274'),(60,7,'51.04095','3.73876'),(60,8,'51.05197','3.74067'),(60,9,'51.04275','3.71786'),(60,10,'51.04753','3.71004'),(60,11,'51.06117','3.71384'),(60,15,'51.15595','3.81321'),(60,16,'51.08416','3.75536'),(60,18,'51.005','3.76003'),(60,19,'51.02982','3.70149'),(60,20,'51.06922','3.65729'),(60,21,'51.09703','3.70796'),(60,22,'51.17482','3.7562'),(60,23,'51.04666','3.64946'),(60,24,'51.03844','3.6319'),(60,25,'51.07034','3.76977'),(60,26,'51.06235','3.76297'),(60,29,'51.0277','3.76904'),(60,30,'51.03277','3.75848'),(60,31,'50.99873','3.717'),(60,32,'50.98663','3.69628'),(60,33,'51.0681','3.69746'),(60,34,'51.08458','3.66499'),(61,3,'51.06744','3.72302'),(61,5,'51.06071','3.73639'),(61,6,'51.06796','3.73268'),(61,7,'51.04087','3.73869'),(61,8,'51.05212','3.74054'),(61,9,'51.04291','3.71753'),(61,10,'51.04745','3.71015'),(61,11,'51.06178','3.71467'),(61,15,'51.1552','3.81241'),(61,16,'51.08423','3.7554'),(61,18,'51.00496','3.76036'),(61,19,'51.03037','3.7008'),(61,20,'51.06832','3.65747'),(61,21,'51.09732','3.70852'),(61,22,'51.17397','3.75576'),(61,23,'51.04769','3.6508'),(61,24,'51.03841','3.63169'),(61,25,'51.07024','3.76954'),(61,26,'51.06256','3.76338'),(61,29,'51.02781','3.76885'),(61,30,'51.03246','3.75911'),(61,31,'50.99952','3.7177'),(61,32,'50.98661','3.69615'),(61,33,'51.06783','3.69793'),(61,34,'51.08481','3.66455'),(62,3,'51.0675','3.72338'),(62,5,'51.06031','3.73658'),(62,6,'51.06795','3.73257'),(62,7,'51.04078','3.73863'),(62,8,'51.0522','3.74047'),(62,9,'51.04297','3.71742'),(62,10,'51.04718','3.71056'),(62,11,'51.06243','3.71552'),(62,15,'51.15445','3.8116'),(62,16,'51.0848','3.7557'),(62,18,'51.00487','3.76084'),(62,19,'51.03063','3.70051'),(62,20,'51.0677','3.65758'),(62,21,'51.09764','3.70913'),(62,22,'51.17311','3.75531'),(62,23,'51.04775','3.65088'),(62,24,'51.03836','3.63144'),(62,25,'51.07007','3.76919'),(62,26,'51.06278','3.76372'),(62,29,'51.02837','3.76782'),(62,30,'51.03205','3.75994'),(62,31,'51.0003','3.71839'),(62,32,'50.9864','3.6949'),(62,33,'51.06777','3.69802'),(62,34,'51.08491','3.66437'),(63,3,'51.06766','3.72441'),(63,5,'51.06021','3.73663'),(63,6,'51.06793','3.7323'),(63,7,'51.04067','3.73857'),(63,8,'51.05243','3.74035'),(63,9,'51.04307','3.71726'),(63,10,'51.04683','3.71121'),(63,11,'51.06248','3.71558'),(63,15,'51.15372','3.81078'),(63,16,'51.08509','3.75584'),(63,18,'51.00478','3.76122'),(63,19,'51.03095','3.70006'),(63,20,'51.06743','3.65768'),(63,21,'51.09791','3.70961'),(63,22,'51.17226','3.75487'),(63,23,'51.0483','3.65159'),(63,24,'51.03832','3.63122'),(63,25,'51.06999','3.76906'),(63,26,'51.06298','3.76399'),(63,29,'51.0285','3.76756'),(63,30,'51.03193','3.76019'),(63,31,'51.00118','3.71921'),(63,32,'50.98625','3.69398'),(63,33,'51.06761','3.69824'),(63,34,'51.08498','3.66421'),(64,3,'51.06782','3.72548'),(64,5,'51.05945','3.73699'),(64,6,'51.06791','3.73205'),(64,7,'51.0405','3.73848'),(64,8,'51.05287','3.74015'),(64,9,'51.04312','3.71718'),(64,10,'51.04679','3.71129'),(64,11,'51.06274','3.71593'),(64,15,'51.15346','3.81048'),(64,16,'51.08537','3.75599'),(64,18,'51.0045','3.76258'),(64,19,'51.03106','3.69987'),(64,20,'51.06655','3.65797'),(64,21,'51.0985','3.71069'),(64,22,'51.1714','3.75443'),(64,23,'51.04901','3.65247'),(64,24,'51.0383','3.63101'),(64,25,'51.06991','3.76892'),(64,26,'51.06318','3.76427'),(64,29,'51.02893','3.76669'),(64,30,'51.03191','3.76022'),(64,31,'51.00142','3.71942'),(64,32,'50.98618','3.69352'),(64,33,'51.06746','3.69844'),(64,34,'51.08504','3.66411'),(65,3,'51.06784','3.72565'),(65,5,'51.05921','3.7371'),(65,6,'51.0679','3.73181'),(65,7,'51.04027','3.73835'),(65,8,'51.0532','3.73999'),(65,9,'51.04355','3.71633'),(65,10,'51.04653','3.71201'),(65,11,'51.06345','3.71682'),(65,15,'51.15298','3.80996'),(65,16,'51.08569','3.75611'),(65,18,'51.00445','3.76283'),(65,19,'51.03125','3.69954'),(65,20,'51.066','3.65816'),(65,21,'51.09852','3.71077'),(65,22,'51.17055','3.75398'),(65,23,'51.04971','3.65337'),(65,24,'51.03827','3.63075'),(65,25,'51.0698','3.76877'),(65,26,'51.06346','3.7646'),(65,29,'51.02901','3.76652'),(65,30,'51.03184','3.76037'),(65,31,'51.00239','3.72029'),(65,32,'50.98598','3.69212'),(65,33,'51.06732','3.69858'),(65,34,'51.08516','3.66386'),(66,3,'51.06785','3.7258'),(66,5,'51.059','3.7372'),(66,6,'51.06784','3.73105'),(66,7,'51.03995','3.73823'),(66,8,'51.0536','3.73983'),(66,9,'51.04413','3.71524'),(66,10,'51.04635','3.71253'),(66,11,'51.06369','3.71716'),(66,15,'51.15223','3.80916'),(66,16,'51.08595','3.75622'),(66,18,'51.00432','3.76353'),(66,19,'51.03145','3.6992'),(66,20,'51.06568','3.65831'),(66,21,'51.09855','3.71081'),(66,22,'51.16969','3.75354'),(66,23,'51.05041','3.65427'),(66,24,'51.03825','3.63048'),(66,25,'51.06976','3.76872'),(66,26,'51.0637','3.76484'),(66,29,'51.02949','3.76556'),(66,30,'51.03173','3.7606'),(66,31,'51.0028','3.72065'),(66,32,'50.98579','3.69073'),(66,33,'51.06704','3.69889'),(67,3,'51.06785','3.72582'),(67,5,'51.05863','3.73738'),(67,6,'51.06783','3.73046'),(67,7,'51.03971','3.73814'),(67,8,'51.05388','3.73971'),(67,9,'51.04426','3.71499'),(67,10,'51.04624','3.71286'),(67,11,'51.06413','3.71776'),(67,15,'51.15149','3.80836'),(67,16,'51.08639','3.75638'),(67,18,'51.00419','3.76446'),(67,19,'51.03169','3.69871'),(67,20,'51.06506','3.65859'),(67,21,'51.09873','3.71112'),(67,22,'51.16884','3.7531'),(67,23,'51.05098','3.65503'),(67,24,'51.03825','3.63038'),(67,25,'51.06974','3.76868'),(67,26,'51.0637','3.76484'),(67,29,'51.02957','3.76539'),(67,30,'51.0317','3.76066'),(67,31,'51.00338','3.72115'),(67,32,'50.9857','3.69001'),(67,33,'51.06697','3.69896'),(68,3,'51.06786','3.7259'),(68,5,'51.05844','3.73749'),(68,6,'51.06785','3.73018'),(68,7,'51.03948','3.73804'),(68,8,'51.05413','3.73967'),(68,9,'51.04432','3.71487'),(68,10,'51.04606','3.71336'),(68,11,'51.06438','3.71813'),(68,15,'51.15074','3.80756'),(68,16,'51.08656','3.75643'),(68,18,'51.00418','3.7646'),(68,19,'51.03196','3.69812'),(68,20,'51.06482','3.65872'),(68,21,'51.09901','3.7116'),(68,22,'51.16798','3.75266'),(68,23,'51.05142','3.6556'),(68,24,'51.03825','3.63023'),(68,25,'51.06953','3.7684'),(68,26,'51.06397','3.76509'),(68,29,'51.02982','3.76489'),(68,30,'51.03161','3.76084'),(68,31,'51.00359','3.72133'),(68,32,'50.9856','3.68933'),(68,33,'51.0666','3.69936'),(69,3,'51.0679','3.72684'),(69,5,'51.05815','3.73765'),(69,6,'51.06787','3.72967'),(69,7,'51.0394','3.738'),(69,8,'51.0543','3.73961'),(69,9,'51.0445','3.71462'),(69,10,'51.04598','3.7136'),(69,11,'51.06447','3.71826'),(69,15,'51.15','3.80676'),(69,16,'51.08678','3.7565'),(69,18,'51.00416','3.76479'),(69,19,'51.03199','3.69806'),(69,20,'51.06421','3.65903'),(69,21,'51.09903','3.71163'),(69,22,'51.16713','3.75221'),(69,23,'51.05211','3.65652'),(69,24,'51.03826','3.63002'),(69,25,'51.06933','3.76816'),(69,26,'51.06429','3.76533'),(69,29,'51.02994','3.76464'),(69,30,'51.03157','3.76091'),(69,31,'51.00439','3.722'),(69,32,'50.9854','3.68794'),(69,33,'51.06649','3.69948'),(70,3,'51.06791','3.72687'),(70,5,'51.05789','3.73778'),(70,6,'51.06788','3.72962'),(70,7,'51.03927','3.73792'),(70,8,'51.055','3.73933'),(70,9,'51.04468','3.71446'),(70,10,'51.04594','3.71368'),(70,11,'51.06466','3.71854'),(70,15,'51.14925','3.80596'),(70,16,'51.08733','3.75663'),(70,18,'51.00414','3.76518'),(70,19,'51.03221','3.69749'),(70,20,'51.06397','3.65919'),(70,21,'51.09909','3.71174'),(70,22,'51.16627','3.75177'),(70,23,'51.05265','3.65728'),(70,24,'51.03828','3.62983'),(70,25,'51.06905','3.76785'),(70,26,'51.06462','3.76556'),(70,29,'51.03049','3.76351'),(70,30,'51.03148','3.76111'),(70,31,'51.00443','3.72206'),(70,32,'50.98521','3.68654'),(70,33,'51.06634','3.69966'),(71,3,'51.06791','3.72698'),(71,5,'51.05749','3.73796'),(71,6,'51.06788','3.7295'),(71,7,'51.03916','3.73784'),(71,8,'51.05581','3.73904'),(71,9,'51.04485','3.71437'),(71,10,'51.0459','3.71374'),(71,11,'51.0648','3.71875'),(71,15,'51.14851','3.80515'),(71,16,'51.08742','3.75666'),(71,18,'51.00413','3.76596'),(71,19,'51.03235','3.69708'),(71,20,'51.06314','3.65972'),(71,21,'51.09919','3.71189'),(71,22,'51.16541','3.75133'),(71,23,'51.05278','3.65748'),(71,24,'51.03832','3.62956'),(71,25,'51.06879','3.76761'),(71,26,'51.06531','3.76589'),(71,29,'51.03084','3.76281'),(71,30,'51.03145','3.76117'),(71,31,'51.00519','3.72265'),(71,32,'50.98517','3.68622'),(71,33,'51.06629','3.69971'),(72,3,'51.06779','3.72699'),(72,5,'51.05739','3.73801'),(72,6,'51.06788','3.72947'),(72,7,'51.03906','3.73772'),(72,8,'51.05601','3.73897'),(72,9,'51.04494','3.71435'),(72,10,'51.04588','3.71377'),(72,11,'51.06504','3.71922'),(72,15,'51.14776','3.80435'),(72,16,'51.08773','3.75672'),(72,18,'51.00413','3.76602'),(72,19,'51.03243','3.69681'),(72,20,'51.0629','3.65986'),(72,21,'51.09924','3.71199'),(72,22,'51.16456','3.75088'),(72,23,'51.05284','3.65758'),(72,24,'51.03841','3.62917'),(72,25,'51.06859','3.76744'),(72,26,'51.06539','3.76592'),(72,29,'51.03099','3.7625'),(72,30,'51.03093','3.76223'),(72,31,'51.00527','3.72273'),(72,32,'50.98502','3.68515'),(72,33,'51.06614','3.69987'),(73,3,'51.06774','3.72701'),(73,5,'51.05732','3.73806'),(73,6,'51.06788','3.72935'),(73,7,'51.039','3.73765'),(73,8,'51.05606','3.73895'),(73,9,'51.045','3.71435'),(73,10,'51.04584','3.71382'),(73,11,'51.06508','3.71931'),(73,15,'51.14702','3.80353'),(73,16,'51.08863','3.75677'),(73,18,'51.00414','3.76659'),(73,19,'51.03254','3.69647'),(73,20,'51.06232','3.66031'),(73,21,'51.09937','3.71221'),(73,22,'51.1637','3.75044'),(73,23,'51.05303','3.65792'),(73,24,'51.03848','3.62882'),(73,25,'51.06856','3.76742'),(73,26,'51.0662','3.76628'),(73,29,'51.03112','3.76223'),(73,30,'51.03072','3.76266'),(73,31,'51.00574','3.72312'),(73,32,'50.98482','3.68376'),(73,33,'51.06601','3.70001'),(74,3,'51.06768','3.72703'),(74,5,'51.05722','3.73814'),(74,6,'51.06788','3.72925'),(74,7,'51.03896','3.73758'),(74,8,'51.05614','3.73897'),(74,9,'51.04503','3.71435'),(74,10,'51.04575','3.71389'),(74,11,'51.06513','3.71945'),(74,15,'51.14637','3.80279'),(74,16,'51.08923','3.75684'),(74,18,'51.00417','3.76703'),(74,19,'51.03272','3.69584'),(74,20,'51.06207','3.6605'),(74,21,'51.10011','3.71342'),(74,22,'51.16285','3.75'),(74,23,'51.05322','3.65829'),(74,24,'51.03859','3.62826'),(74,25,'51.06835','3.7673'),(74,26,'51.06637','3.76636'),(74,29,'51.03157','3.7613'),(74,30,'51.03039','3.76336'),(74,31,'51.00645','3.72368'),(74,32,'50.98461','3.68236'),(74,33,'51.06591','3.70014'),(75,3,'51.06756','3.72704'),(75,5,'51.0572','3.73816'),(75,6,'51.06788','3.72916'),(75,7,'51.03889','3.7374'),(75,8,'51.05622','3.73901'),(75,9,'51.04524','3.71435'),(75,10,'51.04562','3.71395'),(75,11,'51.06525','3.71981'),(75,15,'51.14629','3.8027'),(75,16,'51.08953','3.75682'),(75,18,'51.00419','3.76733'),(75,19,'51.0329','3.69505'),(75,20,'51.06152','3.66098'),(75,21,'51.10045','3.71402'),(75,22,'51.16199','3.74955'),(75,23,'51.05335','3.65859'),(75,24,'51.03861','3.62814'),(75,25,'51.06814','3.76719'),(75,26,'51.06706','3.76667'),(75,29,'51.03159','3.76127'),(75,30,'51.02998','3.76418'),(75,31,'51.00655','3.72374'),(75,32,'50.98449','3.68132'),(75,33,'51.06556','3.70051'),(76,3,'51.06754','3.72704'),(76,5,'51.05716','3.73819'),(76,6,'51.06787','3.72905'),(76,7,'51.0388','3.73718'),(76,8,'51.05627','3.73929'),(76,9,'51.04535','3.71435'),(76,10,'51.04557','3.71398'),(76,11,'51.06534','3.72008'),(76,15,'51.14554','3.8019'),(76,16,'51.09014','3.75677'),(76,18,'51.00424','3.76769'),(76,19,'51.03295','3.69478'),(76,20,'51.0613','3.66116'),(76,21,'51.10063','3.71434'),(76,22,'51.16114','3.74911'),(76,23,'51.0534','3.65872'),(76,24,'51.03863','3.62807'),(76,25,'51.06782','3.76704'),(76,26,'51.06782','3.76704'),(76,29,'51.03166','3.76112'),(76,30,'51.02988','3.76438'),(76,31,'51.00725','3.72423'),(76,32,'50.9844','3.68062'),(76,33,'51.06539','3.70068'),(77,3,'51.06744','3.72704'),(77,5,'51.05701','3.73834'),(77,6,'51.06783','3.72879'),(77,7,'51.0388','3.73716'),(77,8,'51.05633','3.73948'),(77,9,'51.04543','3.71436'),(77,10,'51.04545','3.71402'),(77,11,'51.06551','3.72057'),(77,15,'51.1448','3.8011'),(77,16,'51.09043','3.75675'),(77,18,'51.0043','3.76811'),(77,19,'51.033','3.69449'),(77,20,'51.06075','3.66164'),(77,21,'51.10073','3.71452'),(77,22,'51.16028','3.74867'),(77,23,'51.05356','3.65914'),(77,24,'51.03875','3.62746'),(77,25,'51.06728','3.76679'),(77,26,'51.06814','3.76719'),(77,29,'51.03168','3.7611'),(77,30,'51.02982','3.76452'),(77,31,'51.00758','3.72443'),(77,32,'50.98419','3.67923'),(77,33,'51.06536','3.70072'),(78,5,'51.05695','3.73831'),(78,6,'51.06779','3.72845'),(78,7,'51.03874','3.73689'),(78,8,'51.05637','3.73956'),(78,9,'51.04548','3.71436'),(78,10,'51.04536','3.71405'),(78,11,'51.0659','3.72182'),(78,15,'51.14405','3.8003'),(78,16,'51.0912','3.75668'),(78,18,'51.00439','3.76872'),(78,19,'51.0331','3.69378'),(78,20,'51.06073','3.66166'),(78,21,'51.1008','3.71465'),(78,22,'51.15943','3.74822'),(78,23,'51.05366','3.65941'),(78,24,'51.03878','3.62729'),(78,25,'51.06642','3.76639'),(78,26,'51.06835','3.7673'),(78,29,'51.03174','3.76098'),(78,30,'51.02974','3.76466'),(78,31,'51.00808','3.72477'),(78,32,'50.98401','3.67783'),(78,33,'51.06515','3.70094'),(79,5,'51.05689','3.7383'),(79,6,'51.06776','3.72825'),(79,8,'51.05642','3.73964'),(79,9,'51.04558','3.71436'),(79,10,'51.04526','3.71408'),(79,11,'51.06591','3.72185'),(79,15,'51.14331','3.7995'),(79,16,'51.09133','3.75667'),(79,18,'51.00441','3.76893'),(79,19,'51.03324','3.69237'),(79,20,'51.06025','3.66213'),(79,21,'51.10141','3.71565'),(79,22,'51.15858','3.74776'),(79,23,'51.05375','3.65969'),(79,25,'51.06637','3.76636'),(79,26,'51.06859','3.76744'),(79,29,'51.03182','3.76081'),(79,30,'51.02953','3.7651'),(79,31,'51.00818','3.72484'),(79,32,'50.98394','3.67732'),(79,33,'51.06507','3.70109'),(80,6,'51.06772','3.72808'),(80,8,'51.05645','3.73968'),(80,9,'51.0457','3.7143'),(80,10,'51.04506','3.7141'),(80,11,'51.06597','3.72203'),(80,15,'51.14256','3.7987'),(80,16,'51.09222','3.7566'),(80,18,'51.00453','3.76973'),(80,19,'51.03328','3.69207'),(80,20,'51.05997','3.66243'),(80,21,'51.10143','3.71568'),(80,22,'51.15773','3.74729'),(80,23,'51.05379','3.65983'),(80,25,'51.0662','3.76628'),(80,26,'51.06879','3.76761'),(80,29,'51.03228','3.75985'),(80,30,'51.0294','3.76536'),(80,31,'51.00892','3.72531'),(80,32,'50.98382','3.67643'),(80,33,'51.06502','3.70127'),(81,6,'51.06767','3.72788'),(81,8,'51.05648','3.73972'),(81,9,'51.04575','3.71428'),(81,10,'51.04492','3.71414'),(81,11,'51.066','3.72214'),(81,15,'51.14181','3.79789'),(81,16,'51.09312','3.75652'),(81,18,'51.0046','3.77011'),(81,19,'51.0333','3.69171'),(81,20,'51.05923','3.66321'),(81,21,'51.1021','3.71664'),(81,22,'51.15728','3.74703'),(81,23,'51.05383','3.65997'),(81,25,'51.06539','3.76592'),(81,26,'51.06896','3.76777'),(81,29,'51.03283','3.75872'),(81,30,'51.02933','3.76551'),(81,31,'51.00938','3.72561'),(81,32,'50.9836','3.67483'),(81,33,'51.06498','3.70144'),(82,6,'51.06761','3.72764'),(82,8,'51.05654','3.73976'),(82,9,'51.04588','3.71415'),(82,10,'51.0447','3.71424'),(82,11,'51.06604','3.72224'),(82,15,'51.14107','3.79709'),(82,16,'51.09394','3.75646'),(82,18,'51.00468','3.77066'),(82,19,'51.03339','3.69096'),(82,20,'51.05922','3.66322'),(82,21,'51.10236','3.71704'),(82,22,'51.15707','3.74692'),(82,23,'51.05391','3.66027'),(82,25,'51.06531','3.76589'),(82,26,'51.06905','3.76785'),(82,29,'51.03284','3.75872'),(82,30,'51.02923','3.76573'),(82,31,'51.01021','3.72615'),(82,32,'50.98346','3.67384'),(82,33,'51.06496','3.70154'),(83,6,'51.06751','3.72726'),(83,8,'51.05658','3.73979'),(83,9,'51.04604','3.71395'),(83,10,'51.04438','3.71447'),(83,11,'51.06624','3.72299'),(83,15,'51.14032','3.79629'),(83,16,'51.09402','3.75646'),(83,18,'51.00474','3.77105'),(83,19,'51.03339','3.69096'),(83,20,'51.05852','3.6641'),(83,21,'51.10277','3.71759'),(83,22,'51.15696','3.74686'),(83,23,'51.05396','3.66047'),(83,25,'51.06462','3.76556'),(83,26,'51.06933','3.76816'),(83,29,'51.03295','3.75848'),(83,30,'51.02867','3.76685'),(83,31,'51.01105','3.72668'),(83,32,'50.98348','3.67343'),(83,33,'51.06489','3.70179'),(84,6,'51.0675','3.72723'),(84,8,'51.05664','3.73981'),(84,9,'51.04606','3.71389'),(84,10,'51.04415','3.71476'),(84,11,'51.06642','3.72364'),(84,15,'51.13958','3.79549'),(84,16,'51.09457','3.75644'),(84,18,'51.00478','3.77143'),(84,19,'51.03354','3.69007'),(84,20,'51.05796','3.66473'),(84,21,'51.10327','3.71829'),(84,22,'51.1561','3.74642'),(84,23,'51.05401','3.66069'),(84,25,'51.06429','3.76533'),(84,26,'51.06953','3.7684'),(84,29,'51.0335','3.75736'),(84,30,'51.02846','3.76728'),(84,31,'51.01187','3.72724'),(84,32,'50.98336','3.67239'),(84,33,'51.06487','3.7019'),(85,8,'51.0567','3.73982'),(85,9,'51.04613','3.71372'),(85,10,'51.04377','3.71551'),(85,11,'51.06645','3.72379'),(85,15,'51.13884','3.79467'),(85,16,'51.09461','3.75644'),(85,18,'51.00477','3.77151'),(85,19,'51.03364','3.68959'),(85,20,'51.0578','3.66496'),(85,21,'51.10352','3.7186'),(85,22,'51.15603','3.74636'),(85,23,'51.05406','3.66091'),(85,25,'51.06397','3.76509'),(85,26,'51.06974','3.76868'),(85,29,'51.03355','3.75729'),(85,30,'51.02839','3.76741'),(85,31,'51.01258','3.72772'),(85,32,'50.98332','3.67202'),(85,33,'51.06484','3.70198'),(86,8,'51.05675','3.73982'),(86,9,'51.04614','3.71367'),(86,10,'51.04319','3.7166'),(86,11,'51.06659','3.72432'),(86,15,'51.1385','3.79428'),(86,16,'51.09492','3.75642'),(86,18,'51.00477','3.77167'),(86,19,'51.03365','3.68957'),(86,20,'51.05711','3.66588'),(86,21,'51.10402','3.71925'),(86,22,'51.15525','3.74598'),(86,23,'51.05409','3.66114'),(86,25,'51.06381','3.76494'),(86,26,'51.06976','3.76872'),(86,29,'51.03361','3.75717'),(86,30,'51.02819','3.76783'),(86,31,'51.0127','3.7278'),(86,32,'50.9833','3.67186'),(86,33,'51.06477','3.70212'),(87,8,'51.05681','3.73981'),(87,9,'51.04645','3.71268'),(87,10,'51.04295','3.71704'),(87,11,'51.06692','3.72564'),(87,15,'51.1384','3.79418'),(87,16,'51.0955','3.75641'),(87,18,'51.00471','3.77192'),(87,19,'51.03367','3.68951'),(87,20,'51.05662','3.66653'),(87,21,'51.10444','3.71981'),(87,22,'51.15439','3.74554'),(87,25,'51.0637','3.76484'),(87,26,'51.0698','3.76877'),(87,29,'51.0338','3.75678'),(87,30,'51.02792','3.76836'),(87,31,'51.01354','3.72831'),(87,32,'50.9833','3.67156'),(87,33,'51.06474','3.70215'),(88,8,'51.05686','3.73979'),(88,9,'51.04648','3.7126'),(88,10,'51.04294','3.71708'),(88,11,'51.06713','3.72651'),(88,15,'51.13827','3.79404'),(88,16,'51.09582','3.75642'),(88,18,'51.00466','3.77206'),(88,19,'51.03377','3.68912'),(88,20,'51.05643','3.66681'),(88,21,'51.10483','3.72034'),(88,22,'51.15354','3.74509'),(88,25,'51.06346','3.7646'),(88,26,'51.06991','3.76892'),(88,29,'51.03403','3.75632'),(88,30,'51.02789','3.7684'),(88,32,'50.98333','3.67101'),(88,33,'51.06473','3.70216'),(89,8,'51.05693','3.73975'),(89,9,'51.04673','3.71187'),(89,10,'51.04287','3.7172'),(89,11,'51.0672','3.72682'),(89,15,'51.13752','3.79324'),(89,16,'51.09669','3.75646'),(89,18,'51.0046','3.7722'),(89,19,'51.03384','3.68885'),(89,20,'51.05576','3.66777'),(89,21,'51.10513','3.72073'),(89,22,'51.15292','3.74475'),(89,25,'51.06318','3.76427'),(89,26,'51.06999','3.76906'),(89,29,'51.03435','3.75568'),(89,30,'51.0278','3.76857'),(89,32,'50.98338','3.67074'),(89,33,'51.06469','3.70219'),(90,8,'51.05699','3.7397'),(90,9,'51.04685','3.71158'),(90,10,'51.04282','3.7173'),(90,11,'51.06723','3.72691'),(90,15,'51.1369','3.79255'),(90,16,'51.09672','3.75647'),(90,18,'51.00454','3.7723'),(90,19,'51.03388','3.68871'),(90,20,'51.05575','3.66778'),(90,21,'51.10524','3.72087'),(90,22,'51.15269','3.74463'),(90,25,'51.06307','3.76412'),(90,26,'51.07007','3.76919'),(90,29,'51.03444','3.75549'),(90,30,'51.02718','3.76951'),(90,32,'50.9835','3.67041'),(90,33,'51.06467','3.70219'),(91,8,'51.05703','3.73966'),(91,9,'51.04692','3.7114'),(91,10,'51.04263','3.71763'),(91,15,'51.13604','3.79162'),(91,16,'51.09761','3.75659'),(91,18,'51.00447','3.7724'),(91,19,'51.03392','3.68856'),(91,20,'51.05531','3.66843'),(91,21,'51.10573','3.72152'),(91,22,'51.15183','3.74419'),(91,25,'51.06278','3.76372'),(91,26,'51.07024','3.76954'),(91,29,'51.03469','3.75497'),(91,30,'51.02715','3.76956'),(91,32,'50.9836','3.6702'),(91,33,'51.06438','3.7023'),(92,8,'51.05708','3.7396'),(92,9,'51.04708','3.71109'),(92,10,'51.0426','3.71768'),(92,15,'51.13529','3.79084'),(92,16,'51.09787','3.75664'),(92,18,'51.00438','3.77249'),(92,19,'51.03403','3.68824'),(92,20,'51.0549','3.66905'),(92,21,'51.10613','3.72204'),(92,22,'51.15098','3.74375'),(92,25,'51.06256','3.76338'),(92,26,'51.07034','3.76977'),(92,29,'51.03471','3.75493'),(92,30,'51.02657','3.77032'),(92,32,'50.98376','3.66998'),(92,33,'51.06434','3.70233'),(93,8,'51.05711','3.73956'),(93,9,'51.04723','3.71083'),(93,10,'51.04255','3.71778'),(93,15,'51.13473','3.79024'),(93,16,'51.09851','3.75676'),(93,18,'51.00426','3.77257'),(93,19,'51.03415','3.68789'),(93,20,'51.05461','3.66949'),(93,21,'51.10643','3.72243'),(93,22,'51.15012','3.74331'),(93,25,'51.06235','3.76297'),(93,26,'51.07046','3.77004'),(93,29,'51.03489','3.75453'),(93,30,'51.02587','3.77122'),(93,32,'50.98396','3.66975'),(94,9,'51.04728','3.71075'),(94,10,'51.04248','3.7179'),(94,15,'51.13465','3.79015'),(94,16,'51.09874','3.75681'),(94,18,'51.00425','3.77257'),(94,19,'51.03432','3.68746'),(94,20,'51.05397','3.6705'),(94,21,'51.10654','3.72259'),(94,22,'51.14973','3.74309'),(94,25,'51.06223','3.76273'),(94,26,'51.07059','3.77036'),(94,29,'51.03498','3.75435'),(94,30,'51.02578','3.77131'),(94,32,'50.9841','3.66966'),(95,9,'51.04753','3.71036'),(95,10,'51.04246','3.71795'),(95,15,'51.13454','3.79003'),(95,16,'51.09949','3.75697'),(95,19,'51.03442','3.68719'),(95,20,'51.05348','3.67123'),(95,21,'51.10691','3.72305'),(95,22,'51.14927','3.74286'),(95,25,'51.06215','3.76254'),(95,26,'51.0706','3.77039'),(95,29,'51.03543','3.75339'),(95,30,'51.02566','3.77146'),(95,32,'50.98422','3.66962'),(96,9,'51.04785','3.70995'),(96,10,'51.04202','3.71879'),(96,15,'51.1338','3.78923'),(96,16,'51.09963','3.75701'),(96,19,'51.0345','3.68701'),(96,20,'51.05332','3.67149'),(96,21,'51.10713','3.72331'),(96,22,'51.14841','3.74242'),(96,25,'51.06203','3.76228'),(96,26,'51.07064','3.7705'),(96,29,'51.03576','3.75275'),(96,30,'51.02529','3.7719'),(96,32,'50.98428','3.66961'),(97,9,'51.04797','3.70983'),(97,10,'51.042','3.71883'),(97,15,'51.13305','3.78843'),(97,16,'51.10052','3.75725'),(97,19,'51.03478','3.68646'),(97,20,'51.05271','3.67244'),(97,21,'51.1073','3.72351'),(97,22,'51.14822','3.74231'),(97,25,'51.062','3.76219'),(97,26,'51.07082','3.77105'),(97,29,'51.03584','3.75261'),(97,30,'51.02508','3.77215'),(97,32,'50.98452','3.6696'),(98,9,'51.04812','3.70967'),(98,10,'51.04193','3.71897'),(98,15,'51.13231','3.78763'),(98,16,'51.10057','3.75728'),(98,19,'51.03486','3.68632'),(98,20,'51.05267','3.67248'),(98,21,'51.10787','3.72413'),(98,22,'51.14728','3.74181'),(98,25,'51.06189','3.76193'),(98,26,'51.07126','3.7723'),(98,29,'51.03586','3.75256'),(98,30,'51.02468','3.77264'),(98,32,'50.98474','3.66969'),(99,9,'51.04818','3.70962'),(99,10,'51.04191','3.719'),(99,15,'51.13156','3.78683'),(99,16,'51.10139','3.75758'),(99,19,'51.0351','3.6859'),(99,20,'51.05204','3.67337'),(99,21,'51.10808','3.72436'),(99,22,'51.1467','3.74151'),(99,25,'51.06176','3.76153'),(99,26,'51.07148','3.77297'),(99,29,'51.03624','3.75181'),(99,30,'51.02455','3.77281'),(99,32,'50.98493','3.66982'),(100,9,'51.04828','3.70952'),(100,10,'51.04182','3.71917'),(100,15,'51.13082','3.78603'),(100,16,'51.10167','3.75769'),(100,19,'51.03542','3.68542'),(100,20,'51.05197','3.67347'),(100,21,'51.10876','3.72504'),(100,22,'51.14605','3.74119'),(100,25,'51.06168','3.76131'),(100,26,'51.07161','3.77328'),(100,29,'51.03625','3.75177'),(100,30,'51.02452','3.77284'),(100,32,'50.98507','3.66996'),(101,9,'51.04833','3.70949'),(101,10,'51.04133','3.72009'),(101,15,'51.13007','3.78522'),(101,16,'51.10226','3.75798'),(101,19,'51.03549','3.68531'),(101,20,'51.05173','3.67378'),(101,21,'51.10948','3.72567'),(101,22,'51.14559','3.74098'),(101,25,'51.06154','3.7608'),(101,26,'51.07176','3.77361'),(101,29,'51.03631','3.75166'),(101,30,'51.02441','3.77298'),(101,32,'50.98513','3.67002'),(102,9,'51.04836','3.70944'),(102,10,'51.04129','3.72015'),(102,15,'51.12933','3.7844'),(102,16,'51.10279','3.75826'),(102,19,'51.03603','3.6846'),(102,20,'51.05136','3.67428'),(102,21,'51.10955','3.72572'),(102,22,'51.14518','3.74082'),(102,25,'51.06139','3.76018'),(102,26,'51.07184','3.77377'),(102,29,'51.03647','3.75134'),(102,30,'51.02404','3.77348'),(102,32,'50.98523','3.67019'),(103,9,'51.04846','3.70931'),(103,10,'51.04109','3.72054'),(103,15,'51.1286','3.78358'),(103,16,'51.10297','3.75835'),(103,19,'51.03634','3.6842'),(103,20,'51.05103','3.67468'),(103,21,'51.11013','3.72619'),(103,22,'51.14434','3.74047'),(103,25,'51.06136','3.76005'),(103,26,'51.07194','3.77396'),(103,29,'51.03651','3.75125'),(103,30,'51.02387','3.77375'),(103,32,'50.98534','3.67043'),(104,9,'51.04863','3.70908'),(104,10,'51.04107','3.72057'),(104,15,'51.12823','3.78317'),(104,16,'51.10314','3.75843'),(104,19,'51.03698','3.68338'),(104,20,'51.05098','3.67474'),(104,21,'51.11035','3.72635'),(104,22,'51.14431','3.74046'),(104,25,'51.06135','3.76'),(104,26,'51.07237','3.77482'),(104,29,'51.03665','3.75098'),(104,30,'51.02379','3.77386'),(104,32,'50.98543','3.67073'),(105,9,'51.04882','3.70873'),(105,10,'51.04101','3.72068'),(105,15,'51.12808','3.78301'),(105,16,'51.10331','3.75851'),(105,19,'51.03756','3.68265'),(105,20,'51.05076','3.67499'),(105,21,'51.11061','3.72653'),(105,22,'51.14344','3.74013'),(105,25,'51.06134','3.75994'),(105,26,'51.0724','3.77489'),(105,29,'51.03694','3.75038'),(105,30,'51.02361','3.77412'),(105,32,'50.98549','3.67105'),(106,9,'51.04904','3.70809'),(106,10,'51.04052','3.72165'),(106,15,'51.12803','3.78295'),(106,16,'51.10345','3.75857'),(106,19,'51.03768','3.68249'),(106,20,'51.05039','3.67537'),(106,21,'51.11079','3.72665'),(106,22,'51.14309','3.74'),(106,25,'51.06131','3.75981'),(106,26,'51.07284','3.77576'),(106,29,'51.0372','3.74986'),(106,30,'51.02347','3.77433'),(106,32,'50.9855','3.67137'),(107,9,'51.04919','3.70759'),(107,10,'51.04047','3.72173'),(107,15,'51.12797','3.78289'),(107,16,'51.10416','3.75896'),(107,19,'51.03783','3.6823'),(107,20,'51.05005','3.67569'),(107,21,'51.11094','3.72675'),(107,22,'51.14257','3.73979'),(107,25,'51.06117','3.75917'),(107,26,'51.0729','3.77588'),(107,29,'51.03732','3.74963'),(107,30,'51.02336','3.77447'),(107,32,'50.98548','3.67171'),(108,9,'51.04922','3.70746'),(108,10,'51.04035','3.72195'),(108,15,'51.12776','3.78265'),(108,16,'51.10478','3.75931'),(108,19,'51.03814','3.68196'),(108,20,'51.04999','3.67575'),(108,21,'51.11111','3.72685'),(108,22,'51.14169','3.73944'),(108,25,'51.06104','3.75863'),(108,26,'51.07301','3.77618'),(108,29,'51.03753','3.74921'),(108,30,'51.02332','3.77461'),(108,32,'50.98536','3.6725'),(109,9,'51.04934','3.70706'),(109,10,'51.03997','3.72267'),(109,15,'51.12701','3.78185'),(109,16,'51.10501','3.75944'),(109,19,'51.03832','3.68178'),(109,20,'51.04937','3.67626'),(109,21,'51.11152','3.72712'),(109,22,'51.14048','3.73893'),(109,25,'51.06086','3.75783'),(109,26,'51.07333','3.77679'),(109,29,'51.03784','3.74858'),(109,30,'51.02295','3.7751'),(109,32,'50.98531','3.67265'),(110,9,'51.04937','3.70689'),(110,10,'51.03986','3.72289'),(110,15,'51.12626','3.78105'),(110,16,'51.10514','3.75952'),(110,19,'51.03852','3.6816'),(110,20,'51.04919','3.67639'),(110,21,'51.11178','3.72726'),(110,22,'51.14004','3.73877'),(110,25,'51.06079','3.75747'),(110,26,'51.07361','3.77725'),(110,29,'51.03791','3.74844'),(110,30,'51.02263','3.77552'),(110,32,'50.98522','3.67276'),(111,9,'51.04937','3.70678'),(111,10,'51.03985','3.72291'),(111,15,'51.12552','3.78025'),(111,16,'51.10584','3.75999'),(111,19,'51.0387','3.68144'),(111,20,'51.04899','3.67654'),(111,21,'51.11211','3.72745'),(111,22,'51.13961','3.73861'),(111,25,'51.06067','3.75695'),(111,26,'51.07387','3.77768'),(111,29,'51.038','3.74829'),(111,30,'51.02258','3.77558'),(111,32,'50.98516','3.67282'),(112,9,'51.04938','3.70676'),(112,10,'51.03981','3.72298'),(112,15,'51.12533','3.78002'),(112,16,'51.10637','3.76037'),(112,19,'51.0389','3.68127'),(112,20,'51.04855','3.67681'),(112,21,'51.11263','3.72771'),(112,22,'51.13884','3.73829'),(112,25,'51.06058','3.75653'),(112,26,'51.07422','3.77819'),(112,29,'51.03812','3.74804'),(112,30,'51.02219','3.77604'),(112,32,'50.98509','3.67284'),(113,9,'51.04937','3.70668'),(113,10,'51.03976','3.72309'),(113,15,'51.12529','3.77997'),(113,16,'51.10668','3.76061'),(113,19,'51.03929','3.68102'),(113,20,'51.04835','3.67691'),(113,21,'51.11281','3.7278'),(113,22,'51.13816','3.738'),(113,25,'51.06056','3.75641'),(113,26,'51.07455','3.77862'),(113,29,'51.03825','3.74779'),(113,30,'51.02201','3.77625'),(113,32,'50.98501','3.67283'),(114,9,'51.04937','3.70661'),(114,10,'51.03971','3.72318'),(114,15,'51.12478','3.77943'),(114,16,'51.10714','3.76096'),(114,19,'51.03977','3.68074'),(114,20,'51.0481','3.67705'),(114,21,'51.1135','3.7281'),(114,22,'51.13728','3.73768'),(114,25,'51.06054','3.75632'),(114,26,'51.07458','3.77866'),(114,29,'51.03846','3.74737'),(114,30,'51.02131','3.77715'),(115,9,'51.04937','3.70649'),(115,10,'51.03967','3.72325'),(115,15,'51.12412','3.7787'),(115,16,'51.10749','3.76125'),(115,19,'51.04002','3.6806'),(115,20,'51.04771','3.67725'),(115,21,'51.1135','3.7281'),(115,22,'51.13641','3.73733'),(115,25,'51.06024','3.755'),(115,26,'51.07471','3.77881'),(115,29,'51.03871','3.74689'),(115,30,'51.02099','3.77755'),(116,9,'51.04935','3.70625'),(116,10,'51.03955','3.72348'),(116,15,'51.12404','3.77862'),(116,16,'51.10812','3.76182'),(116,19,'51.04088','3.68022'),(116,20,'51.0475','3.67733'),(116,21,'51.11412','3.72832'),(116,22,'51.13632','3.73728'),(116,25,'51.06013','3.75448'),(116,26,'51.07486','3.77898'),(116,29,'51.03877','3.74676'),(116,30,'51.02066','3.77796'),(117,9,'51.04931','3.70575'),(117,10,'51.03898','3.7246'),(117,15,'51.12381','3.77836'),(117,16,'51.10827','3.76195'),(117,19,'51.04089','3.68022'),(117,20,'51.04715','3.67747'),(117,21,'51.11438','3.7284'),(117,22,'51.13559','3.73701'),(117,25,'51.05999','3.75387'),(117,26,'51.07496','3.7791'),(117,29,'51.03924','3.74582'),(117,30,'51.02033','3.77838'),(118,9,'51.04931','3.70559'),(118,10,'51.03881','3.72489'),(118,15,'51.12329','3.77781'),(118,16,'51.10864','3.76229'),(118,19,'51.04146','3.68003'),(118,20,'51.04662','3.67766'),(118,21,'51.11474','3.72852'),(118,22,'51.13553','3.73699'),(118,25,'51.05974','3.75274'),(118,26,'51.07505','3.7792'),(118,29,'51.03953','3.74525'),(118,30,'51.01963','3.77928'),(119,9,'51.04931','3.70553'),(119,10,'51.03879','3.72493'),(119,15,'51.12263','3.77709'),(119,16,'51.10904','3.76267'),(119,19,'51.04177','3.67992'),(119,20,'51.0466','3.67766'),(119,21,'51.11526','3.72863'),(119,22,'51.13473','3.73666'),(119,25,'51.05969','3.75252'),(119,26,'51.0756','3.77979'),(119,29,'51.03986','3.74457'),(119,30,'51.01905','3.78'),(120,9,'51.04931','3.70535'),(120,10,'51.03864','3.72518'),(120,15,'51.12228','3.77672'),(120,16,'51.10952','3.76313'),(120,19,'51.04222','3.67978'),(120,20,'51.04606','3.67781'),(120,21,'51.11558','3.72872'),(120,22,'51.13466','3.73663'),(120,25,'51.0594','3.7512'),(120,26,'51.07611','3.78038'),(120,29,'51.04026','3.74378'),(120,30,'51.01886','3.78025'),(121,9,'51.04935','3.70514'),(121,10,'51.03856','3.72538'),(121,15,'51.12188','3.77629'),(121,16,'51.10959','3.7632'),(121,19,'51.04234','3.67975'),(121,20,'51.04584','3.67786'),(121,21,'51.11616','3.7288'),(121,22,'51.1338','3.73626'),(121,25,'51.05937','3.75108'),(121,26,'51.07686','3.78118'),(121,29,'51.04028','3.74373'),(121,30,'51.01859','3.78058'),(122,9,'51.04939','3.70494'),(122,10,'51.03846','3.72567'),(122,15,'51.12123','3.77557'),(122,16,'51.1098','3.76342'),(122,19,'51.04323','3.67953'),(122,20,'51.04573','3.67789'),(122,21,'51.11643','3.72886'),(122,22,'51.13373','3.73621'),(122,25,'51.05934','3.75093'),(122,26,'51.07722','3.78162'),(122,29,'51.04038','3.74355'),(122,30,'51.01832','3.78091'),(123,9,'51.04947','3.70477'),(123,10,'51.03844','3.7258'),(123,15,'51.12114','3.77548'),(123,16,'51.11011','3.76376'),(123,19,'51.04412','3.6793'),(123,20,'51.0456','3.67792'),(123,21,'51.11692','3.72891'),(123,22,'51.13294','3.73583'),(123,25,'51.05908','3.74979'),(123,26,'51.07735','3.78175'),(123,29,'51.04054','3.74321'),(123,30,'51.01776','3.78161'),(124,9,'51.04983','3.704'),(124,10,'51.03843','3.72597'),(124,15,'51.12039','3.77468'),(124,16,'51.11086','3.76454'),(124,19,'51.04501','3.6791'),(124,20,'51.04533','3.67798'),(124,21,'51.11705','3.72892'),(124,22,'51.13263','3.73565'),(124,25,'51.05901','3.74944'),(124,26,'51.07743','3.78184'),(124,29,'51.04071','3.74285'),(124,30,'51.01744','3.782'),(125,9,'51.04988','3.70381'),(125,10,'51.03843','3.72601'),(125,15,'51.11993','3.77414'),(125,16,'51.11161','3.76534'),(125,19,'51.0459','3.67891'),(125,20,'51.04505','3.67805'),(125,21,'51.11741','3.72894'),(125,22,'51.13209','3.73535'),(125,25,'51.05881','3.74859'),(125,26,'51.07755','3.78198'),(125,29,'51.04083','3.74255'),(125,30,'51.01717','3.78236'),(126,9,'51.04993','3.70361'),(126,10,'51.03843','3.72608'),(126,15,'51.11966','3.77385'),(126,16,'51.11235','3.76614'),(126,19,'51.04609','3.67888'),(126,20,'51.04484','3.6781'),(126,21,'51.11795','3.72897'),(126,22,'51.13178','3.73517'),(126,25,'51.05873','3.74821'),(126,26,'51.07813','3.78268'),(126,29,'51.04088','3.74242'),(126,30,'51.01669','3.78294'),(127,9,'51.04995','3.70351'),(127,10,'51.03843','3.72626'),(127,15,'51.11891','3.77305'),(127,16,'51.1131','3.76694'),(127,19,'51.04678','3.67872'),(127,20,'51.04418','3.67825'),(127,21,'51.11885','3.72902'),(127,22,'51.13142','3.73494'),(127,25,'51.05857','3.74754'),(127,26,'51.07818','3.78275'),(127,29,'51.04108','3.74201'),(127,30,'51.01599','3.78384'),(128,9,'51.04997','3.70344'),(128,10,'51.03843','3.72649'),(128,15,'51.11818','3.77223'),(128,16,'51.11384','3.76774'),(128,19,'51.04679','3.67872'),(128,20,'51.04395','3.6783'),(128,21,'51.11943','3.72907'),(128,22,'51.13105','3.73469'),(128,25,'51.05825','3.7462'),(128,26,'51.07874','3.78355'),(128,29,'51.04113','3.74192'),(128,30,'51.01545','3.78449'),(129,9,'51.04999','3.70331'),(129,10,'51.03842','3.72732'),(129,15,'51.11753','3.77148'),(129,16,'51.11459','3.76854'),(129,19,'51.04744','3.67849'),(129,20,'51.04361','3.67838'),(129,21,'51.11981','3.72911'),(129,22,'51.13093','3.7346'),(129,25,'51.05794','3.74486'),(129,26,'51.07897','3.78395'),(129,29,'51.04121','3.74176'),(129,30,'51.01535','3.78458'),(130,9,'51.05002','3.70323'),(130,10,'51.03841','3.72814'),(130,15,'51.11677','3.7707'),(130,16,'51.11484','3.76884'),(130,19,'51.04767','3.67839'),(130,20,'51.04309','3.67851'),(130,21,'51.12003','3.72913'),(130,22,'51.13082','3.73453'),(130,25,'51.05791','3.74466'),(130,26,'51.07906','3.78411'),(130,29,'51.04126','3.74158'),(130,30,'51.01496','3.78506'),(131,9,'51.05005','3.70313'),(131,10,'51.03841','3.72875'),(131,15,'51.11602','3.76992'),(131,16,'51.11532','3.76937'),(131,19,'51.04811','3.67821'),(131,20,'51.04306','3.67851'),(131,21,'51.12013','3.72914'),(131,22,'51.13065','3.73441'),(131,25,'51.0579','3.74461'),(131,26,'51.0794','3.78476'),(131,29,'51.04129','3.74147'),(131,30,'51.01469','3.78539'),(132,9,'51.05012','3.70301'),(132,10,'51.0384','3.72902'),(132,15,'51.11527','3.76912'),(132,16,'51.11606','3.77019'),(132,19,'51.04853','3.678'),(132,20,'51.04254','3.67864'),(132,21,'51.12026','3.72915'),(132,22,'51.13049','3.7343'),(132,25,'51.05767','3.7435'),(132,26,'51.0796','3.78519'),(132,29,'51.04148','3.74101'),(132,30,'51.01427','3.78593'),(133,9,'51.05013','3.70299'),(133,10,'51.0384','3.72936'),(133,15,'51.11453','3.76832'),(133,16,'51.11679','3.77101'),(133,19,'51.04873','3.6779'),(133,20,'51.04218','3.67873'),(133,21,'51.12038','3.72917'),(133,22,'51.13034','3.73419'),(133,25,'51.05767','3.74341'),(133,26,'51.08013','3.78635'),(133,29,'51.04151','3.74093'),(133,30,'51.01416','3.78606'),(134,9,'51.05034','3.7027'),(134,10,'51.0384','3.72954'),(134,15,'51.11378','3.76752'),(134,16,'51.11741','3.77173'),(134,19,'51.04919','3.67763'),(134,20,'51.04178','3.67882'),(134,21,'51.12093','3.72923'),(134,22,'51.13008','3.734'),(134,25,'51.05764','3.74321'),(134,26,'51.08027','3.78671'),(134,29,'51.04155','3.74083'),(134,30,'51.01408','3.78617'),(135,9,'51.05103','3.70178'),(135,10,'51.0384','3.72959'),(135,15,'51.11304','3.76672'),(135,16,'51.11817','3.77251'),(135,19,'51.04937','3.6775'),(135,20,'51.04129','3.67899'),(135,21,'51.12128','3.72928'),(135,22,'51.12952','3.7336'),(135,25,'51.05763','3.74316'),(135,26,'51.08063','3.78751'),(135,29,'51.04163','3.74064'),(135,30,'51.01375','3.78655'),(136,9,'51.05145','3.70123'),(136,10,'51.03839','3.73002'),(136,15,'51.11229','3.76591'),(136,16,'51.11892','3.77329'),(136,19,'51.04959','3.67736'),(136,20,'51.04068','3.67919'),(136,21,'51.12156','3.72933'),(136,22,'51.12898','3.73319'),(136,25,'51.05754','3.74264'),(136,26,'51.08136','3.78912'),(136,29,'51.04174','3.74037'),(136,30,'51.01368','3.78664'),(137,9,'51.05206','3.70042'),(137,10,'51.03839','3.73005'),(137,15,'51.11154','3.76511'),(137,16,'51.11968','3.77407'),(137,19,'51.04967','3.6773'),(137,20,'51.04042','3.67931'),(137,21,'51.12217','3.72947'),(137,22,'51.12871','3.73297'),(137,25,'51.05753','3.74258'),(137,26,'51.08143','3.78916'),(137,29,'51.04176','3.74032'),(137,30,'51.0133','3.78711'),(138,9,'51.05234','3.70006'),(138,10,'51.03838','3.73074'),(138,15,'51.1108','3.76431'),(138,16,'51.11985','3.77428'),(138,19,'51.05019','3.67687'),(138,20,'51.04021','3.67939'),(138,21,'51.12218','3.72948'),(138,22,'51.12839','3.7327'),(138,25,'51.05746','3.74229'),(138,26,'51.08197','3.7903'),(138,29,'51.04187','3.74005'),(138,30,'51.01318','3.78728'),(139,9,'51.05236','3.70003'),(139,10,'51.03838','3.73109'),(139,15,'51.11016','3.76362'),(139,16,'51.12042','3.77489'),(139,19,'51.05077','3.6763'),(139,20,'51.03979','3.6796'),(139,21,'51.12273','3.72962'),(139,22,'51.12802','3.7324'),(139,25,'51.05744','3.7422'),(139,26,'51.08201','3.79044'),(139,29,'51.04189','3.74001'),(139,30,'51.01313','3.78733'),(140,9,'51.05239','3.7'),(140,10,'51.03838','3.73112'),(140,15,'51.11006','3.76351'),(140,16,'51.12116','3.77569'),(140,19,'51.05085','3.67623'),(140,20,'51.03955','3.67972'),(140,21,'51.12305','3.72972'),(140,22,'51.12791','3.73231'),(140,25,'51.05733','3.7417'),(140,26,'51.08208','3.79059'),(140,29,'51.04192','3.73994'),(140,30,'51.01271','3.78786'),(141,9,'51.0525','3.69985'),(141,10,'51.03838','3.73117'),(141,15,'51.10965','3.76308'),(141,16,'51.12145','3.77603'),(141,19,'51.05128','3.67576'),(141,20,'51.03941','3.67978'),(141,21,'51.12326','3.7298'),(141,22,'51.12765','3.7321'),(141,25,'51.05732','3.74162'),(141,26,'51.08222','3.79091'),(141,30,'51.01201','3.78874'),(142,9,'51.05256','3.69978'),(142,10,'51.03837','3.73154'),(142,15,'51.10958','3.763'),(142,16,'51.1219','3.77651'),(142,19,'51.05151','3.67547'),(142,20,'51.03903','3.68001'),(142,21,'51.12369','3.72995'),(142,22,'51.1271','3.73169'),(142,25,'51.05731','3.74153'),(142,26,'51.0824','3.7913'),(142,30,'51.01184','3.78893'),(143,9,'51.05263','3.69967'),(143,10,'51.03834','3.73304'),(143,15,'51.1093','3.76273'),(143,16,'51.12204','3.77667'),(143,19,'51.05176','3.67517'),(143,20,'51.03878','3.68015'),(143,21,'51.12393','3.73005'),(143,22,'51.1271','3.73167'),(143,25,'51.05734','3.74132'),(143,26,'51.0828','3.7922'),(143,30,'51.01135','3.78957'),(144,9,'51.05265','3.69964'),(144,10,'51.03834','3.73357'),(144,15,'51.10876','3.76218'),(144,16,'51.12258','3.77726'),(144,19,'51.05221','3.67458'),(144,20,'51.03871','3.68019'),(144,21,'51.12413','3.73014'),(144,22,'51.12646','3.73123'),(144,25,'51.05733','3.74105'),(144,26,'51.08294','3.79251'),(144,30,'51.01124','3.78971'),(145,9,'51.0528','3.69944'),(145,10,'51.03835','3.73369'),(145,15,'51.10854','3.76197'),(145,16,'51.12334','3.77804'),(145,19,'51.05223','3.67454'),(145,20,'51.03834','3.6804'),(145,21,'51.12459','3.73035'),(145,22,'51.12628','3.73111'),(145,25,'51.05733','3.74071'),(145,26,'51.08304','3.79275'),(145,30,'51.01088','3.79018'),(146,9,'51.05312','3.69899'),(146,10,'51.03836','3.734'),(146,15,'51.10818','3.76163'),(146,16,'51.12408','3.77884'),(146,19,'51.05288','3.67362'),(146,20,'51.03791','3.6807'),(146,21,'51.12479','3.73045'),(146,22,'51.12602','3.73093'),(146,25,'51.0573','3.74014'),(146,26,'51.0833','3.79342'),(146,30,'51.01053','3.79061'),(147,9,'51.05333','3.69874'),(147,10,'51.03837','3.73454'),(147,15,'51.10775','3.76127'),(147,16,'51.12483','3.77964'),(147,19,'51.05292','3.67357'),(147,20,'51.03787','3.68073'),(147,21,'51.12503','3.73057'),(147,22,'51.12558','3.73067'),(147,25,'51.05729','3.73999'),(147,26,'51.08338','3.79362'),(147,30,'51.01043','3.79067'),(148,9,'51.05339','3.69867'),(148,10,'51.03839','3.7349'),(148,15,'51.10718','3.76078'),(148,16,'51.12505','3.77991'),(148,19,'51.05343','3.67278'),(148,20,'51.03749','3.68101'),(148,21,'51.12553','3.73087'),(148,22,'51.12544','3.73061'),(148,25,'51.05727','3.73989'),(148,30,'51.00988','3.79133'),(149,9,'51.05342','3.69862'),(149,10,'51.03841','3.73499'),(149,15,'51.10699','3.76063'),(149,16,'51.12515','3.78002'),(149,19,'51.05358','3.67255'),(149,20,'51.03711','3.68134'),(149,21,'51.12564','3.73092'),(149,22,'51.12512','3.73043'),(149,25,'51.05725','3.73981'),(149,30,'51.00978','3.79146'),(150,9,'51.05353','3.69847'),(150,10,'51.03842','3.73513'),(150,15,'51.10677','3.76045'),(150,16,'51.12527','3.78015'),(150,19,'51.05407','3.67177'),(150,20,'51.03707','3.68138'),(150,21,'51.12579','3.731'),(150,22,'51.12466','3.73019'),(150,25,'51.05723','3.73974'),(150,30,'51.00945','3.79192'),(151,9,'51.0537','3.69825'),(151,10,'51.03846','3.73543'),(151,15,'51.10665','3.76037'),(151,16,'51.12544','3.78032'),(151,19,'51.05441','3.67125'),(151,20,'51.03674','3.68169'),(151,21,'51.12638','3.73139'),(151,22,'51.12459','3.73016'),(151,25,'51.05719','3.73965'),(151,30,'51.00917','3.7923'),(152,9,'51.05373','3.69821'),(152,15,'51.10642','3.76019'),(152,16,'51.12557','3.78045'),(152,19,'51.05504','3.67024'),(152,20,'51.03623','3.68224'),(152,21,'51.12647','3.73146'),(152,22,'51.12423','3.72999'),(152,25,'51.05717','3.73961'),(153,9,'51.05441','3.69733'),(153,15,'51.106','3.75989'),(153,16,'51.12619','3.78111'),(153,19,'51.05507','3.67023'),(153,20,'51.03609','3.68242'),(153,21,'51.12701','3.73184'),(153,22,'51.12374','3.72977'),(154,9,'51.05443','3.69731'),(154,15,'51.10584','3.75977'),(154,16,'51.12693','3.78191'),(154,19,'51.05574','3.6692'),(154,20,'51.03582','3.68277'),(154,21,'51.12729','3.73205'),(154,22,'51.12372','3.72976'),(155,9,'51.05508','3.69645'),(155,15,'51.10525','3.75935'),(155,16,'51.12767','3.78273'),(155,19,'51.05592','3.66894'),(155,20,'51.03568','3.68295'),(155,21,'51.12755','3.73226'),(155,22,'51.1233','3.72961'),(156,9,'51.05516','3.69637'),(156,15,'51.10501','3.75921'),(156,16,'51.12774','3.78282'),(156,19,'51.0564','3.66823'),(156,20,'51.03537','3.6834'),(156,21,'51.1281','3.73267'),(156,22,'51.12284','3.72946'),(157,9,'51.05549','3.69594'),(157,15,'51.10416','3.75872'),(157,16,'51.12792','3.78301'),(157,19,'51.05657','3.668'),(157,20,'51.03527','3.68354'),(157,21,'51.12832','3.73285'),(157,22,'51.12274','3.72942'),(158,9,'51.05568','3.69571'),(158,15,'51.10405','3.75865'),(158,16,'51.12799','3.78309'),(158,19,'51.05703','3.66735'),(158,20,'51.03491','3.68415'),(158,21,'51.12885','3.7333'),(158,22,'51.12218','3.72927'),(159,9,'51.05578','3.69558'),(159,15,'51.10374','3.75848'),(159,16,'51.12804','3.78314'),(159,19,'51.05708','3.66729'),(159,20,'51.03442','3.68505'),(159,21,'51.1289','3.73333'),(159,22,'51.12196','3.72924'),(160,9,'51.05586','3.69546'),(160,15,'51.10347','3.75834'),(160,16,'51.12826','3.78339'),(160,19,'51.05749','3.66672'),(160,20,'51.03434','3.68525'),(160,21,'51.12941','3.73371'),(160,22,'51.12106','3.72909'),(161,9,'51.05604','3.69522'),(161,15,'51.10333','3.75827'),(161,16,'51.12901','3.78419'),(161,19,'51.05776','3.66636'),(161,20,'51.03412','3.68574'),(161,21,'51.12968','3.73392'),(161,22,'51.12093','3.72904'),(162,9,'51.05608','3.69519'),(162,15,'51.10261','3.7579'),(162,16,'51.12975','3.78499'),(162,19,'51.05843','3.6655'),(162,20,'51.03396','3.68615'),(162,21,'51.12986','3.73405'),(162,22,'51.12062','3.729'),(163,15,'51.10177','3.75748'),(163,16,'51.1305','3.78579'),(163,19,'51.05846','3.66546'),(163,20,'51.03383','3.68645'),(163,21,'51.12998','3.73414'),(163,22,'51.12025','3.72896'),(164,15,'51.10176','3.75747'),(164,16,'51.13124','3.78659'),(164,19,'51.05919','3.66462'),(164,20,'51.03351','3.68738'),(164,21,'51.13015','3.73427'),(164,22,'51.12004','3.72894'),(165,15,'51.10088','3.75712'),(165,16,'51.13199','3.78739'),(165,19,'51.05992','3.66378'),(165,20,'51.03336','3.68777'),(165,21,'51.1303','3.73437'),(165,22,'51.11995','3.72893'),(166,15,'51.10075','3.75707'),(166,16,'51.13273','3.78822'),(166,19,'51.06017','3.6635'),(166,20,'51.03317','3.68836'),(166,21,'51.13054','3.73455'),(166,22,'51.11979','3.72892'),(167,15,'51.1','3.75686'),(167,16,'51.13346','3.78904'),(167,19,'51.06066','3.66298'),(167,20,'51.03309','3.68865'),(167,21,'51.1307','3.73467'),(167,22,'51.11968','3.72891'),(168,15,'51.09957','3.7567'),(168,16,'51.13376','3.78939'),(168,19,'51.06092','3.66272'),(168,20,'51.03303','3.68886'),(168,21,'51.13112','3.73494'),(168,22,'51.11878','3.72886'),(169,15,'51.09911','3.75661'),(169,16,'51.13451','3.79019'),(169,19,'51.06144','3.66226'),(169,20,'51.03294','3.6893'),(169,21,'51.13137','3.73511'),(169,22,'51.11788','3.72879'),(170,15,'51.09822','3.75641'),(170,16,'51.13456','3.79026'),(170,19,'51.06223','3.66157'),(170,20,'51.03284','3.68979'),(170,21,'51.13195','3.73547'),(170,22,'51.11738','3.72874'),(171,15,'51.09783','3.75632'),(171,16,'51.13466','3.79038'),(171,19,'51.06233','3.66149'),(171,20,'51.03281','3.69'),(171,21,'51.13196','3.73547'),(171,22,'51.11699','3.7287'),(172,15,'51.09733','3.75627'),(172,16,'51.1348','3.79053'),(172,19,'51.06303','3.66094'),(172,20,'51.03272','3.6905'),(172,21,'51.13258','3.73582'),(172,22,'51.11642','3.72863'),(173,15,'51.09671','3.75618'),(173,16,'51.13556','3.79131'),(173,19,'51.0632','3.66083'),(173,20,'51.03263','3.69128'),(173,21,'51.13281','3.73593'),(173,22,'51.11609','3.7286'),(174,15,'51.09643','3.75617'),(174,16,'51.13601','3.7918'),(174,19,'51.06356','3.66059'),(174,20,'51.03262','3.6914'),(174,21,'51.13366','3.73637'),(174,22,'51.11558','3.72853'),(175,15,'51.09553','3.75615'),(175,16,'51.13686','3.79275'),(175,19,'51.06387','3.66039'),(175,20,'51.03256','3.69203'),(175,21,'51.13366','3.73638'),(175,22,'51.1152','3.72844'),(176,15,'51.09545','3.75612'),(176,16,'51.1376','3.79355'),(176,19,'51.06471','3.65988'),(176,20,'51.03249','3.69282'),(176,21,'51.13453','3.73675'),(176,22,'51.11476','3.72832'),(177,15,'51.09464','3.75617'),(177,16,'51.13819','3.79421'),(177,19,'51.06522','3.65958'),(177,20,'51.03248','3.69294'),(177,21,'51.1347','3.73683'),(177,22,'51.11431','3.72818'),(178,15,'51.09391','3.75618'),(178,16,'51.13834','3.79436'),(178,19,'51.06556','3.65944'),(178,20,'51.03242','3.69357'),(178,21,'51.13513','3.73701'),(178,22,'51.11415','3.72813'),(179,15,'51.09374','3.7562'),(179,16,'51.13843','3.79447'),(179,19,'51.06643','3.6591'),(179,20,'51.03232','3.69422'),(179,21,'51.1354','3.7371'),(179,22,'51.11353','3.72792'),(180,15,'51.09284','3.7563'),(180,16,'51.13917','3.79527'),(180,19,'51.06689','3.65895'),(180,20,'51.03231','3.69426'),(180,21,'51.13556','3.73718'),(180,22,'51.11343','3.72788'),(181,15,'51.09194','3.7564'),(181,16,'51.13928','3.7954'),(181,19,'51.06731','3.65881'),(181,20,'51.03218','3.69488'),(181,21,'51.13627','3.73746'),(181,22,'51.11285','3.72762'),(182,15,'51.09105','3.7565'),(182,16,'51.14002','3.7962'),(182,19,'51.06738','3.6588'),(182,20,'51.03202','3.69557'),(182,21,'51.1363','3.73747'),(182,22,'51.11257','3.72748'),(183,15,'51.09015','3.7566'),(183,16,'51.14077','3.797'),(183,19,'51.0682','3.65859'),(183,20,'51.032','3.69563'),(183,21,'51.13715','3.73778'),(183,22,'51.11218','3.72727'),(184,15,'51.09006','3.75659'),(184,16,'51.14151','3.79781'),(184,19,'51.06909','3.65839'),(184,20,'51.03184','3.69621'),(184,21,'51.13722','3.73783'),(184,22,'51.11147','3.72688'),(185,15,'51.08926','3.75667'),(185,16,'51.14226','3.79861'),(185,19,'51.06916','3.65838'),(185,20,'51.03163','3.69682'),(185,21,'51.1377','3.73802'),(185,22,'51.11116','3.72668'),(186,15,'51.08925','3.75667'),(186,16,'51.143','3.79941'),(186,19,'51.06967','3.6583'),(186,20,'51.03146','3.69727'),(186,21,'51.13817','3.73821'),(186,22,'51.11092','3.72653'),(187,15,'51.08835','3.75662'),(187,16,'51.14375','3.80021'),(187,19,'51.06999','3.65827'),(187,20,'51.03113','3.69802'),(187,21,'51.13905','3.73856'),(187,22,'51.11079','3.72644'),(188,15,'51.0878','3.75655'),(188,16,'51.1445','3.80101'),(188,19,'51.07022','3.65824'),(188,20,'51.03092','3.69841'),(188,21,'51.13911','3.73858'),(188,22,'51.1107','3.72637'),(189,15,'51.08746','3.75645'),(189,16,'51.14524','3.80181'),(189,19,'51.07051','3.65822'),(189,20,'51.03078','3.69866'),(189,21,'51.13985','3.73888'),(189,22,'51.11066','3.72634'),(190,15,'51.08745','3.75645'),(190,16,'51.14598','3.80264'),(190,19,'51.0708','3.6582'),(190,20,'51.0303','3.69945'),(190,21,'51.14072','3.73923'),(190,22,'51.11019','3.72602'),(191,16,'51.14631','3.80302'),(191,19,'51.07137','3.65819'),(191,20,'51.03025','3.69952'),(191,21,'51.1416','3.73958'),(191,22,'51.1101','3.72595'),(192,16,'51.14672','3.80345'),(192,19,'51.0716','3.65818'),(192,20,'51.02973','3.70018'),(192,21,'51.14247','3.73992'),(192,22,'51.1099','3.72578'),(193,16,'51.14746','3.80426'),(193,19,'51.07188','3.65816'),(193,20,'51.02959','3.70032'),(193,21,'51.14306','3.74018'),(193,22,'51.10961','3.72554'),(194,16,'51.14821','3.80506'),(194,19,'51.0724','3.65815'),(194,20,'51.02915','3.70076'),(194,21,'51.14334','3.74028'),(194,22,'51.10931','3.72528'),(195,16,'51.14895','3.80586'),(195,19,'51.07311','3.65816'),(195,20,'51.02856','3.70126'),(195,21,'51.14389','3.74049'),(195,22,'51.10866','3.72471'),(196,16,'51.1497','3.80666'),(196,19,'51.0733','3.65816'),(196,20,'51.02794','3.70166'),(196,21,'51.14422','3.74062'),(196,22,'51.10817','3.72422'),(197,16,'51.14984','3.80682'),(197,19,'51.07382','3.65819'),(197,20,'51.02778','3.70176'),(197,21,'51.14472','3.74083'),(197,22,'51.10791','3.72393'),(198,16,'51.15044','3.80746'),(198,19,'51.0742','3.65821'),(198,20,'51.02708','3.70208'),(198,21,'51.14509','3.74097'),(198,22,'51.1074','3.72337'),(199,16,'51.15119','3.80827'),(199,19,'51.0747','3.65824'),(199,20,'51.02708','3.70208'),(199,21,'51.14529','3.74106'),(199,22,'51.10717','3.72311'),(200,16,'51.15193','3.80907'),(200,19,'51.07541','3.65828'),(200,20,'51.02659','3.70226'),(200,21,'51.14586','3.74132'),(200,22,'51.10663','3.72245'),(201,16,'51.15268','3.80987'),(201,19,'51.0756','3.6583'),(201,20,'51.02641','3.70233'),(201,21,'51.14664','3.74169'),(201,22,'51.10646','3.72223'),(202,16,'51.15337','3.81064'),(202,19,'51.0765','3.65837'),(202,20,'51.02591','3.70251'),(202,21,'51.14672','3.74173'),(202,22,'51.10609','3.72174'),(203,16,'51.15342','3.81069'),(203,19,'51.07739','3.65845'),(203,20,'51.02572','3.70258'),(203,21,'51.14758','3.74215'),(203,22,'51.10572','3.72123'),(204,16,'51.15416','3.81149'),(204,19,'51.07829','3.65854'),(204,20,'51.02484','3.7029'),(204,21,'51.14803','3.74241'),(204,22,'51.10537','3.72079'),(205,16,'51.15491','3.8123'),(205,19,'51.07855','3.65856'),(205,20,'51.02396','3.70322'),(205,21,'51.14889','3.74285'),(205,22,'51.10502','3.72033'),(206,16,'51.15565','3.8131'),(206,19,'51.07944','3.65863'),(206,20,'51.02346','3.7034'),(206,21,'51.14969','3.74327'),(206,22,'51.10448','3.7196'),(207,16,'51.15639','3.81392'),(207,19,'51.08034','3.65871'),(207,20,'51.02222','3.70386'),(207,21,'51.14974','3.7433'),(207,22,'51.1036','3.71844'),(208,16,'51.15661','3.81419'),(208,19,'51.08092','3.65878'),(208,20,'51.02208','3.70391'),(208,21,'51.1506','3.74374'),(208,22,'51.10336','3.71812'),(209,16,'51.15672','3.8143'),(209,19,'51.08128','3.65886'),(209,20,'51.02194','3.70397'),(209,21,'51.15145','3.74419'),(209,22,'51.10267','3.7172'),(210,16,'51.15746','3.8151'),(210,19,'51.08142','3.6589'),(210,20,'51.02179','3.70404'),(210,21,'51.15231','3.74463'),(210,22,'51.10196','3.71622'),(211,16,'51.15821','3.8159'),(211,19,'51.08156','3.65895'),(211,20,'51.0213','3.70427'),(211,21,'51.15283','3.74492'),(211,22,'51.10142','3.7154'),(212,16,'51.15895','3.81671'),(212,19,'51.0817','3.65901'),(212,20,'51.02093','3.70447'),(212,21,'51.15316','3.74509'),(212,22,'51.10126','3.71514'),(213,16,'51.15941','3.81719'),(213,19,'51.0818','3.65906'),(213,20,'51.02054','3.70467'),(213,21,'51.15401','3.74554'),(213,22,'51.10089','3.71454'),(214,16,'51.1597','3.81751'),(214,19,'51.08183','3.65908'),(214,20,'51.02009','3.70496'),(214,21,'51.15487','3.74598'),(214,22,'51.10081','3.71441'),(215,16,'51.16044','3.81831'),(215,19,'51.08203','3.6592'),(215,20,'51.01984','3.7051'),(215,21,'51.15599','3.74657'),(215,22,'51.10071','3.71424'),(216,16,'51.16119','3.81911'),(216,19,'51.08224','3.65935'),(216,20,'51.01928','3.70551'),(216,21,'51.15685','3.74698'),(216,22,'51.10054','3.71396'),(217,16,'51.16194','3.81991'),(217,19,'51.08239','3.65949'),(217,20,'51.01927','3.70553'),(217,21,'51.15698','3.74708'),(217,22,'51.09992','3.71293'),(218,16,'51.16268','3.82072'),(218,19,'51.08254','3.65964'),(218,20,'51.01849','3.70626'),(218,21,'51.15708','3.74713'),(218,22,'51.09934','3.71192'),(219,16,'51.16343','3.82152'),(219,19,'51.0826','3.6597'),(219,20,'51.0183','3.70641'),(219,21,'51.15783','3.74752'),(219,22,'51.09931','3.71187'),(220,16,'51.16417','3.82232'),(220,19,'51.08282','3.65995'),(220,20,'51.01793','3.70684'),(220,21,'51.15869','3.74796'),(220,22,'51.09925','3.71177'),(221,16,'51.16492','3.82312'),(221,19,'51.08305','3.66031'),(221,20,'51.01788','3.7069'),(221,21,'51.15954','3.74841'),(221,22,'51.09917','3.71163'),(222,16,'51.16566','3.82392'),(222,19,'51.08325','3.66068'),(222,20,'51.01742','3.70745'),(222,21,'51.1604','3.74885'),(222,22,'51.09911','3.71152'),(223,16,'51.1664','3.82475'),(223,19,'51.08327','3.66071'),(223,20,'51.01709','3.70791'),(223,21,'51.16125','3.74929'),(223,22,'51.09909','3.71149'),(224,16,'51.16714','3.82557'),(224,19,'51.08356','3.66135'),(224,20,'51.01703','3.708'),(224,21,'51.16211','3.74974'),(224,22,'51.09872','3.71083'),(225,16,'51.16727','3.82573'),(225,19,'51.08372','3.66184'),(225,20,'51.01647','3.70883'),(225,21,'51.16321','3.75033'),(225,22,'51.09869','3.71076'),(226,16,'51.16788','3.82636'),(226,19,'51.08373','3.66189'),(226,20,'51.01622','3.70927'),(226,21,'51.16395','3.75072'),(226,22,'51.09857','3.71056'),(227,16,'51.16818','3.82667'),(227,19,'51.08387','3.66239'),(227,20,'51.01607','3.70955'),(227,21,'51.16425','3.75088'),(227,22,'51.09802','3.70955'),(228,16,'51.16865','3.82711'),(228,19,'51.08406','3.66311'),(228,20,'51.01588','3.70992'),(228,21,'51.16498','3.75126'),(228,22,'51.09798','3.70948'),(229,16,'51.16931','3.82773'),(229,19,'51.08424','3.66383'),(229,20,'51.0156','3.71046'),(229,21,'51.16584','3.7517'),(229,22,'51.09739','3.7084'),(230,16,'51.16943','3.82783'),(230,19,'51.08463','3.6653'),(230,20,'51.01536','3.71107'),(230,21,'51.16669','3.75214'),(230,22,'51.09737','3.70831'),(231,16,'51.17023','3.82848'),(231,19,'51.08472','3.66568'),(231,20,'51.01519','3.71145'),(231,21,'51.16755','3.75259'),(231,22,'51.09684','3.70727'),(232,16,'51.17046','3.8287'),(232,19,'51.08507','3.667'),(232,20,'51.01492','3.71217'),(232,21,'51.16841','3.75303'),(232,22,'51.09676','3.70709'),(233,16,'51.17103','3.82914'),(233,19,'51.08508','3.66706'),(233,20,'51.01488','3.71229'),(233,21,'51.16926','3.75347'),(233,22,'51.09629','3.70614'),(234,16,'51.17126','3.82932'),(234,20,'51.01475','3.71268'),(234,21,'51.17012','3.75392'),(234,22,'51.09613','3.7058'),(235,16,'51.17185','3.82973'),(235,20,'51.01448','3.7136'),(235,21,'51.17097','3.75436'),(235,22,'51.09575','3.70499'),(236,16,'51.17211','3.8299'),(236,20,'51.01427','3.7144'),(236,21,'51.17183','3.7548'),(236,22,'51.09535','3.70411'),(237,16,'51.17269','3.83025'),(237,20,'51.01416','3.71493'),(237,21,'51.17268','3.75525'),(237,22,'51.09523','3.70382'),(238,16,'51.17304','3.83049'),(238,20,'51.01412','3.71508'),(238,21,'51.17354','3.75569'),(238,22,'51.09488','3.70298'),(239,16,'51.17353','3.83076'),(239,20,'51.01394','3.71601'),(239,21,'51.17439','3.75613'),(239,22,'51.09473','3.70263'),(240,16,'51.17408','3.83109'),(240,20,'51.01389','3.7163'),(240,21,'51.17525','3.75657'),(240,22,'51.09423','3.70144'),(241,16,'51.17438','3.83123'),(241,20,'51.01385','3.71655'),(241,21,'51.1761','3.75704'),(241,22,'51.09419','3.7013'),(242,16,'51.1749','3.8315'),(242,20,'51.01378','3.71713'),(242,21,'51.17672','3.75739'),(242,22,'51.09376','3.70022'),(243,16,'51.17524','3.83164'),(243,20,'51.01372','3.7177'),(243,21,'51.17682','3.75745'),(243,22,'51.09353','3.69958'),(244,16,'51.17592','3.83195'),(244,20,'51.0137','3.71781'),(244,21,'51.1772','3.75764'),(244,22,'51.09331','3.69898'),(245,16,'51.17611','3.83201'),(245,20,'51.01366','3.71828'),(245,21,'51.17735','3.75771'),(245,22,'51.09293','3.6979'),(246,16,'51.17699','3.83231'),(246,20,'51.01365','3.71835'),(246,21,'51.17752','3.7578'),(246,22,'51.09287','3.69773'),(247,16,'51.17719','3.83239'),(247,20,'51.01365','3.71841'),(247,21,'51.1782','3.75816'),(247,22,'51.09244','3.69648'),(248,16,'51.17771','3.83255'),(248,20,'51.01358','3.71931'),(248,21,'51.17864','3.7584'),(248,22,'51.09237','3.69623'),(249,16,'51.17787','3.83259'),(249,20,'51.01355','3.71983'),(249,21,'51.17933','3.75882'),(249,22,'51.09204','3.6952'),(250,16,'51.1782','3.83268'),(250,20,'51.01349','3.72089'),(250,21,'51.17948','3.75892'),(250,22,'51.09184','3.69455'),(251,16,'51.17876','3.83281'),(251,20,'51.01348','3.72126'),(251,21,'51.17999','3.75927'),(251,22,'51.0918','3.69442'),(252,16,'51.17888','3.83285'),(252,20,'51.01345','3.72268'),(252,21,'51.1803','3.75951'),(252,22,'51.09165','3.6939'),(253,16,'51.17946','3.83299'),(253,20,'51.01342','3.72364'),(253,21,'51.18092','3.76'),(253,22,'51.09136','3.69291'),(254,16,'51.17965','3.83301'),(254,20,'51.01341','3.72411'),(254,21,'51.18111','3.76015'),(254,22,'51.09127','3.69261'),(255,16,'51.18041','3.83312'),(255,21,'51.18158','3.76055'),(255,22,'51.09084','3.69116'),(256,16,'51.1813','3.83323'),(256,21,'51.18189','3.76086'),(256,22,'51.09055','3.69015'),(257,16,'51.1813','3.83323'),(257,21,'51.18246','3.76143'),(257,22,'51.09045','3.68982'),(258,16,'51.18208','3.83327'),(258,21,'51.18264','3.76163'),(258,22,'51.09007','3.68852'),(259,16,'51.18242','3.83327'),(259,21,'51.18334','3.76241'),(259,22,'51.08969','3.68722'),(260,16,'51.18332','3.83325'),(260,21,'51.18338','3.76246'),(260,22,'51.08942','3.68626'),(261,16,'51.18339','3.83325'),(261,21,'51.18349','3.76258'),(261,22,'51.08933','3.68591'),(262,16,'51.18421','3.83318'),(262,21,'51.18408','3.76335'),(262,22,'51.08908','3.68499'),(263,16,'51.18431','3.83318'),(263,21,'51.18443','3.76382'),(263,22,'51.08898','3.68459'),(264,16,'51.185','3.83309'),(264,21,'51.18476','3.7643'),(264,22,'51.08878','3.68378'),(265,16,'51.18511','3.83306'),(265,21,'51.18488','3.76448'),(265,22,'51.08865','3.68326'),(266,16,'51.186','3.83286'),(266,21,'51.18533','3.76517'),(266,22,'51.08852','3.68271'),(267,16,'51.18681','3.8327'),(267,21,'51.1854','3.7653'),(267,22,'51.08833','3.68192'),(268,16,'51.18689','3.83268'),(268,21,'51.18603','3.76633'),(268,22,'51.08827','3.68164'),(269,16,'51.18706','3.83264'),(269,21,'51.18619','3.76661'),(269,22,'51.08803','3.68057'),(270,21,'51.18665','3.76737'),(270,22,'51.088','3.68045'),(271,21,'51.18701','3.76797'),(271,22,'51.08775','3.67924'),(272,21,'51.18727','3.7684'),(272,22,'51.08775','3.67921'),(273,21,'51.1879','3.76944'),(273,22,'51.08764','3.67863'),(274,21,'51.18852','3.77047'),(274,22,'51.08751','3.67794'),(275,21,'51.18915','3.7715'),(275,22,'51.08749','3.67784'),(276,21,'51.18977','3.77253'),(276,22,'51.08724','3.67646'),(277,21,'51.1904','3.77356'),(277,22,'51.08699','3.67509'),(278,21,'51.19102','3.7746'),(278,22,'51.08695','3.67485'),(279,21,'51.19163','3.77565'),(279,22,'51.08673','3.67372'),(280,21,'51.1925','3.77716'),(280,22,'51.08668','3.67344'),(281,21,'51.19296','3.77794'),(281,22,'51.08645','3.67225'),(282,21,'51.19304','3.77803'),(282,22,'51.08627','3.6714'),(283,21,'51.19366','3.77906'),(283,22,'51.08621','3.67114'),(284,21,'51.19384','3.77936'),(284,22,'51.08604','3.67037'),(285,21,'51.19429','3.78009'),(286,21,'51.19431','3.78013'),(287,21,'51.19485','3.781'),(288,21,'51.19487','3.78104'),(289,21,'51.19553','3.78215');
/*!40000 ALTER TABLE `waypoints` ENABLE KEYS */;
UNLOCK TABLES;
/*!40103 SET TIME_ZONE=@OLD_TIME_ZONE */;

/*!40101 SET SQL_MODE=@OLD_SQL_MODE */;
/*!40014 SET FOREIGN_KEY_CHECKS=@OLD_FOREIGN_KEY_CHECKS */;
/*!40014 SET UNIQUE_CHECKS=@OLD_UNIQUE_CHECKS */;
/*!40101 SET CHARACTER_SET_CLIENT=@OLD_CHARACTER_SET_CLIENT */;
/*!40101 SET CHARACTER_SET_RESULTS=@OLD_CHARACTER_SET_RESULTS */;
/*!40101 SET COLLATION_CONNECTION=@OLD_COLLATION_CONNECTION */;
/*!40111 SET SQL_NOTES=@OLD_SQL_NOTES */;

-- Dump completed on 2016-03-12 19:21:24
